pocket,compound_ids,new_vina_score_kcal_mol,residue,min_distance_a,contact_count_within_4a,has_polar_candidate_within_3_5a,closest_ligand_atom,closest_receptor_atom
BP1,19824,-7.873,SER50B,3.228,9,True,C,O
BP1,19824,-7.873,ASP57B,3.301,4,False,C,CB
BP1,19824,-7.873,MET49B,3.485,12,False,C,CB
BP1,19824,-7.873,LEU48B,3.587,2,False,C,O
BP1,19824,-7.873,LYS55B,3.601,12,False,C,CD
BP1,19824,-7.873,LEU47B,3.681,7,False,C,CD1
BP1,19824,-7.873,ALA39B,3.748,2,False,C,O
BP1,19824,-7.873,ASN41B,3.969,1,False,C,CB
BP1,19824,-7.873,LEU56B,3.974,2,False,C,C
BP2,746361,-9.761,THR306B,2.825,7,True,O,OG1
BP2,746361,-9.761,VAL305B,2.949,3,True,O,O
BP2,746361,-9.761,SER260B,3.052,5,False,C,OG
BP2,746361,-9.761,ASN189B,3.119,12,True,C,ND2
BP2,746361,-9.761,ARG304B,3.269,18,True,O,NH1
BP2,746361,-9.761,ASP196B,3.276,4,False,C,OD2
BP2,746361,-9.761,ALA262B,3.364,7,False,C,CB
BP2,746361,-9.761,ILE225B,3.59,11,False,C,CB
BP2,746361,-9.761,GLU185B,3.726,1,False,C,CB
BP2,746361,-9.761,VAL294B,3.894,3,False,C,CG2
BP2,746361,-9.761,GLY193B,3.929,1,False,C,O
