compound_id,docking_score_kcal_mol,tanimoto_to_reference,smiles,fingerprint_method,pocket,source_file,valid_smiles,canonical_smiles,desalted_smiles,mol_weight,logp,hbd,hba,tpsa,rotatable_bonds,heavy_atoms,source_database,passes_lipinski_light
CHEMBL3306562,-7.338,0.75,c1c2c(cc3c1cccc3)c(c(c(=O)o2)C#N)O,Avalon,BP1,BP1_candidates.xlsx,True,N#Cc1c(O)c2cc3ccccc3cc2oc1=O,N#Cc1c(O)c2cc3ccccc3cc2oc1=O,237.214,2.523,1,4,74.23,0,18,ChEMBL23,True
CHEMBL1929523,-7.388,0.6,c1ccc2c(c1)c1c(o2)ccc2c1ccc(=O)o2,FCFP,BP1,BP1_candidates.xlsx,True,O=c1ccc2c(ccc3oc4ccccc4c32)o1,O=c1ccc2c(ccc3oc4ccccc4c32)o1,236.226,3.692,0,3,43.35,0,18,ChEMBL23,True
CHEMBL1929523,-7.388,0.516,c1ccc2c(c1)c1c(o2)ccc2c1ccc(=O)o2,Morgan,BP1,BP1_candidates.xlsx,True,O=c1ccc2c(ccc3oc4ccccc4c32)o1,O=c1ccc2c(ccc3oc4ccccc4c32)o1,236.226,3.692,0,3,43.35,0,18,ChEMBL23,True
CHEMBL1929523,-7.388,0.516,c1ccc2c(c1)c1c(o2)ccc2c1ccc(=O)o2,Pairs,BP1,BP1_candidates.xlsx,True,O=c1ccc2c(ccc3oc4ccccc4c32)o1,O=c1ccc2c(ccc3oc4ccccc4c32)o1,236.226,3.692,0,3,43.35,0,18,ChEMBL23,True
CHEMBL271516,-7.036,0.815,c1c(cc2c(c1)c(cc(=O)o2)CCl)O,Pattern,BP1,BP1_candidates.xlsx,True,O=c1cc(CCl)c2ccc(O)cc2o1,O=c1cc(CCl)c2ccc(O)cc2o1,210.616,2.237,1,3,50.44,1,14,ChEMBL23,True
CHEMBL32810,-6.759,0.95,c1c(c2c(oc1=O)cc(cc2)O)O,RDK,BP1,BP1_candidates.xlsx,True,O=c1cc(O)c2ccc(O)cc2o1,O=c1cc(O)c2ccc(O)cc2o1,178.143,1.204,2,4,70.67,0,13,ChEMBL23,True
CHEMBL329500,-7.27,0.913,c12oc(cc(=O)c1ccc1c2cc(cc1)O)c1ccccc1,Rdmaccs,BP1,BP1_candidates.xlsx,True,O=c1cc(-c2ccccc2)oc2c1ccc1ccc(O)cc12,O=c1cc(-c2ccccc2)oc2c1ccc1ccc(O)cc12,288.302,4.319,1,3,50.44,1,22,ChEMBL23,True
CHEMBL3409185,-7.206,0.571,c1cccc2c1oc(c2)c1c(c(c(c(c1)O)O)O)Br,Torsions,BP1,BP1_candidates.xlsx,True,Oc1cc(-c2cc3ccccc3o2)c(Br)c(O)c1O,Oc1cc(-c2cc3ccccc3o2)c(Br)c(O)c1O,321.126,3.979,3,4,73.83,1,19,ChEMBL23,True
DB07118,-6.967,0.704,c1cc(cc2oc(=O)cc(C)c12)O,Avalon,BP1,BP1_candidates.xlsx,True,Cc1cc(=O)oc2cc(O)ccc12,Cc1cc(=O)oc2cc(O)ccc12,176.171,1.807,1,3,50.44,0,13,DrugBank,True
DB03623,-7.328,0.316,c12c(ccnc1)ccc1c2cc(cn1)c1ccc(cc1)O,FCFP,BP1,BP1_candidates.xlsx,True,Oc1ccc(-c2cnc3ccc4ccncc4c3c2)cc1,Oc1ccc(-c2cnc3ccc4ccncc4c3c2)cc1,272.307,4.156,1,3,46.01,1,21,DrugBank,True
DB07118,-6.967,0.429,c1cc(cc2oc(=O)cc(C)c12)O,Morgan,BP1,BP1_candidates.xlsx,True,Cc1cc(=O)oc2cc(O)ccc12,Cc1cc(=O)oc2cc(O)ccc12,176.171,1.807,1,3,50.44,0,13,DrugBank,True
DB04641,-7.11,0.424,OC(=O)c1c(O)cc2ccc(O)cc2c1,Pairs,BP1,BP1_candidates.xlsx,True,O=C(O)c1cc2cc(O)ccc2cc1O,O=C(O)c1cc2cc(O)ccc2cc1O,204.181,1.949,3,3,77.76,1,15,DrugBank,True
DB04641,-7.11,0.653,OC(=O)c1c(O)cc2ccc(O)cc2c1,Pattern,BP1,BP1_candidates.xlsx,True,O=C(O)c1cc2cc(O)ccc2cc1O,O=C(O)c1cc2cc(O)ccc2cc1O,204.181,1.949,3,3,77.76,1,15,DrugBank,True
DB07118,-6.967,0.645,c1cc(cc2oc(=O)cc(C)c12)O,RDK,BP1,BP1_candidates.xlsx,True,Cc1cc(=O)oc2cc(O)ccc12,Cc1cc(=O)oc2cc(O)ccc12,176.171,1.807,1,3,50.44,0,13,DrugBank,True
DB04641,-7.11,0.704,OC(=O)c1c(O)cc2ccc(O)cc2c1,Rdmaccs,BP1,BP1_candidates.xlsx,True,O=C(O)c1cc2cc(O)ccc2cc1O,O=C(O)c1cc2cc(O)ccc2cc1O,204.181,1.949,3,3,77.76,1,15,DrugBank,True
DB07118,-6.967,0.516,c1cc(cc2oc(=O)cc(C)c12)O,Torsions,BP1,BP1_candidates.xlsx,True,Cc1cc(=O)oc2cc(O)ccc12,Cc1cc(=O)oc2cc(O)ccc12,176.171,1.807,1,3,50.44,0,13,DrugBank,True
1401,-6.967,0.704,CC1=CC(=O)OC2=C1C=CC(O)=C2,Avalon,BP1,BP1_candidates.xlsx,True,Cc1cc(=O)oc2cc(O)ccc12,Cc1cc(=O)oc2cc(O)ccc12,176.171,1.807,1,3,50.44,0,13,numeric library ID,True
1401,-6.967,0.552,CC1=CC(=O)OC2=C1C=CC(O)=C2,FCFP,BP1,BP1_candidates.xlsx,True,Cc1cc(=O)oc2cc(O)ccc12,Cc1cc(=O)oc2cc(O)ccc12,176.171,1.807,1,3,50.44,0,13,numeric library ID,True
1401,-6.967,0.429,CC1=CC(=O)OC2=C1C=CC(O)=C2,Morgan,BP1,BP1_candidates.xlsx,True,Cc1cc(=O)oc2cc(O)ccc12,Cc1cc(=O)oc2cc(O)ccc12,176.171,1.807,1,3,50.44,0,13,numeric library ID,True
1401,-6.967,0.537,CC1=CC(=O)OC2=C1C=CC(O)=C2,Pairs,BP1,BP1_candidates.xlsx,True,Cc1cc(=O)oc2cc(O)ccc12,Cc1cc(=O)oc2cc(O)ccc12,176.171,1.807,1,3,50.44,0,13,numeric library ID,True
1401,-6.967,0.854,CC1=CC(=O)OC2=C1C=CC(O)=C2,Pattern,BP1,BP1_candidates.xlsx,True,Cc1cc(=O)oc2cc(O)ccc12,Cc1cc(=O)oc2cc(O)ccc12,176.171,1.807,1,3,50.44,0,13,numeric library ID,True
1401,-6.967,0.645,CC1=CC(=O)OC2=C1C=CC(O)=C2,RDK,BP1,BP1_candidates.xlsx,True,Cc1cc(=O)oc2cc(O)ccc12,Cc1cc(=O)oc2cc(O)ccc12,176.171,1.807,1,3,50.44,0,13,numeric library ID,True
1401,-6.967,0.957,CC1=CC(=O)OC2=C1C=CC(O)=C2,Rdmaccs,BP1,BP1_candidates.xlsx,True,Cc1cc(=O)oc2cc(O)ccc12,Cc1cc(=O)oc2cc(O)ccc12,176.171,1.807,1,3,50.44,0,13,numeric library ID,True
1401,-6.967,0.516,CC1=CC(=O)OC2=C1C=CC(O)=C2,Torsions,BP1,BP1_candidates.xlsx,True,Cc1cc(=O)oc2cc(O)ccc12,Cc1cc(=O)oc2cc(O)ccc12,176.171,1.807,1,3,50.44,0,13,numeric library ID,True
29698120,-6.856,0.913,Oc1cc(=O)oc2cc(F)ccc12,Avalon,BP1,BP1_candidates.xlsx,True,O=c1cc(O)c2ccc(F)cc2o1,O=c1cc(O)c2ccc(F)cc2o1,180.134,1.638,1,3,50.44,0,13,numeric library ID,True
4417258,-6.954,0.613,Cc1ccc(cc1)C(c1c(O)c2ccccc2oc1=O)c1c(O)c2ccccc2oc1=O,FCFP,BP1,BP1_candidates.xlsx,True,Cc1ccc(C(c2c(O)c3ccccc3oc2=O)c2c(O)c3ccccc3oc2=O)cc1,Cc1ccc(C(c2c(O)c3ccccc3oc2=O)c2c(O)c3ccccc3oc2=O)cc1,426.424,4.799,2,6,100.88,3,32,numeric library ID,True
10510606,-7.092,0.514,Oc1cc(O)c2c(c1)oc1ccccc1c2=O,Morgan,BP1,BP1_candidates.xlsx,True,O=c1c2ccccc2oc2cc(O)cc(O)c12,O=c1c2ccccc2oc2cc(O)cc(O)c12,228.203,2.357,2,4,70.67,0,17,numeric library ID,True
53845739,-6.98,0.587,O=c1cc(C#C)c2ccccc2o1,Pairs,BP1,BP1_candidates.xlsx,True,C#Cc1cc(=O)oc2ccccc12,C#Cc1cc(=O)oc2ccccc12,170.167,1.774,0,2,30.21,0,13,numeric library ID,True
53845739,-6.98,0.847,O=c1cc(C#C)c2ccccc2o1,Pattern,BP1,BP1_candidates.xlsx,True,C#Cc1cc(=O)oc2ccccc12,C#Cc1cc(=O)oc2ccccc12,170.167,1.774,0,2,30.21,0,13,numeric library ID,True
54870284,-6.991,0.691,COc1ccc2c(c1)c1ccc(O)cc1oc2=O,RDK,BP1,BP1_candidates.xlsx,True,COc1ccc2c(=O)oc3cc(O)ccc3c2c1,COc1ccc2c(=O)oc3cc(O)ccc3c2c1,242.23,2.66,1,4,59.67,1,18,numeric library ID,True
529222,-6.967,0.957,Cc1cc(=O)oc2cc(O)ccc12,Rdmaccs,BP1,BP1_candidates.xlsx,True,Cc1cc(=O)oc2cc(O)ccc12,Cc1cc(=O)oc2cc(O)ccc12,176.171,1.807,1,3,50.44,0,13,numeric library ID,True
53845739,-6.98,0.704,O=c1cc(C#C)c2ccccc2o1,Torsions,BP1,BP1_candidates.xlsx,True,C#Cc1cc(=O)oc2ccccc12,C#Cc1cc(=O)oc2ccccc12,170.167,1.774,0,2,30.21,0,13,numeric library ID,True
DB00972,-6.318,0.263,Clc1ccc(Cc2nn(C3CCCN(CC3)C)c(=O)c3c2cccc3)cc1,Avalon,BP1,BP1_candidates.xlsx,True,CN1CCCC(n2nc(Cc3ccc(Cl)cc3)c3ccccc3c2=O)CC1,CN1CCCC(n2nc(Cc3ccc(Cl)cc3)c3ccccc3c2=O)CC1,381.907,4.298,0,4,38.13,3,27,DrugBank,True
DB04840,-6.513,0.222,N1(CCc2c(C1)cccc2)C(=N)N,FCFP,BP1,BP1_candidates.xlsx,True,N=C(N)N1CCc2ccccc2C1,N=C(N)N1CCc2ccccc2C1,175.235,0.938,2,1,53.11,0,13,DrugBank,True
DB00170,-6.575,0.189,O=C1c2c(C(=O)C=C1C)cccc2,Morgan,BP1,BP1_candidates.xlsx,True,CC1=CC(=O)c2ccccc2C1=O,CC1=CC(=O)c2ccccc2C1=O,172.183,2.012,0,2,34.14,0,13,DrugBank,True
DB00776,-6.883,0.306,O=C1Cc2c(N(c3c1cccc3)C(=O)N)cccc2,Pairs,BP1,BP1_candidates.xlsx,True,NC(=O)N1c2ccccc2CC(=O)c2ccccc21,NC(=O)N1c2ccccc2CC(=O)c2ccccc21,252.273,2.642,1,2,63.4,0,19,DrugBank,True
DB00170,-6.575,0.615,O=C1c2c(C(=O)C=C1C)cccc2,Pattern,BP1,BP1_candidates.xlsx,True,CC1=CC(=O)c2ccccc2C1=O,CC1=CC(=O)c2ccccc2C1=O,172.183,2.012,0,2,34.14,0,13,DrugBank,True
DB00170,-6.575,0.324,O=C1c2c(C(=O)C=C1C)cccc2,Torsions,BP1,BP1_candidates.xlsx,True,CC1=CC(=O)c2ccccc2C1=O,CC1=CC(=O)c2ccccc2C1=O,172.183,2.012,0,2,34.14,0,13,DrugBank,True
HMDB59622,-6.967,0.704,CC1=CC(=O)OC2=C1C=CC(O)=C2,Avalon,BP1,BP1_candidates.xlsx,True,Cc1cc(=O)oc2cc(O)ccc12,Cc1cc(=O)oc2cc(O)ccc12,176.171,1.807,1,3,50.44,0,13,HMDB,True
HMDB34138,-7.241,0.516,OC1=CC2=C(C=C1)C1=C(C3=C(O)C=C(O)C=C3O1)C(=O)O2,FCFP,BP1,BP1_candidates.xlsx,True,O=c1oc2cc(O)ccc2c2oc3cc(O)cc(O)c3c12,O=c1oc2cc(O)ccc2c2oc3cc(O)cc(O)c3c12,284.223,2.809,3,6,104.04,0,21,HMDB,True
HMDB34138,-7.241,0.302,OC1=CC2=C(C=C1)C1=C(C3=C(O)C=C(O)C=C3O1)C(=O)O2,Morgan,BP1,BP1_candidates.xlsx,True,O=c1oc2cc(O)ccc2c2oc3cc(O)cc(O)c3c12,O=c1oc2cc(O)ccc2c2oc3cc(O)cc(O)c3c12,284.223,2.809,3,6,104.04,0,21,HMDB,True
HMDB59798,-7.118,0.432,OC1=CC=C2C(C=CC3=CC=CC=C23)=C1,Pairs,BP1,BP1_candidates.xlsx,True,Oc1ccc2c(ccc3ccccc32)c1,Oc1ccc2c(ccc3ccccc32)c1,194.233,3.699,1,1,20.23,0,15,HMDB,True
HMDB32713,-7.148,0.66,OC1=CC=C(C=C1)C1=CC(O)=CC(O)=C1,Pattern,BP1,BP1_candidates.xlsx,True,Oc1ccc(-c2cc(O)cc(O)c2)cc1,Oc1ccc(-c2cc(O)cc(O)c2)cc1,202.209,2.47,3,3,60.69,1,15,HMDB,True
HMDB34138,-7.241,0.58,OC1=CC2=C(C=C1)C1=C(C3=C(O)C=C(O)C=C3O1)C(=O)O2,RDK,BP1,BP1_candidates.xlsx,True,O=c1oc2cc(O)ccc2c2oc3cc(O)cc(O)c3c12,O=c1oc2cc(O)ccc2c2oc3cc(O)cc(O)c3c12,284.223,2.809,3,6,104.04,0,21,HMDB,True
HMDB34138,-7.241,0.786,OC1=CC2=C(C=C1)C1=C(C3=C(O)C=C(O)C=C3O1)C(=O)O2,Rdmaccs,BP1,BP1_candidates.xlsx,True,O=c1oc2cc(O)ccc2c2oc3cc(O)cc(O)c3c12,O=c1oc2cc(O)ccc2c2oc3cc(O)cc(O)c3c12,284.223,2.809,3,6,104.04,0,21,HMDB,True
HMDB59801,-7.051,0.406,OC1=CC2=CC=CC=C2C2=CC=CC=C12,Torsions,BP1,BP1_candidates.xlsx,True,Oc1cc2ccccc2c2ccccc12,Oc1cc2ccccc2c2ccccc12,194.233,3.699,1,1,20.23,0,15,HMDB,True
LSM-3025,-6.967,0.704,CC1=CC(=O)Oc2cc(O)ccc12,Avalon,BP1,BP1_candidates.xlsx,True,Cc1cc(=O)oc2cc(O)ccc12,Cc1cc(=O)oc2cc(O)ccc12,176.171,1.807,1,3,50.44,0,13,LINCS,True
LSM-3025,-6.967,0.552,CC1=CC(=O)Oc2cc(O)ccc12,FCFP,BP1,BP1_candidates.xlsx,True,Cc1cc(=O)oc2cc(O)ccc12,Cc1cc(=O)oc2cc(O)ccc12,176.171,1.807,1,3,50.44,0,13,LINCS,True
LSM-32647,-6.988,0.304,CN(C)C(=O)c1c(oc2ccc(O)cc12)c3ccccc3,Morgan,BP1,BP1_candidates.xlsx,True,CN(C)C(=O)c1c(-c2ccccc2)oc2ccc(O)cc12,CN(C)C(=O)c1c(-c2ccccc2)oc2ccc(O)cc12,281.311,3.507,1,3,53.68,2,21,LINCS,True
LSM-3723,-7.064,0.393,O=C1c2ccccc2c3cccc4cccc1c34,Pairs,BP1,BP1_candidates.xlsx,True,O=C1c2ccccc2-c2cccc3cccc1c23,O=C1c2ccccc2-c2cccc3cccc1c23,230.266,4.051,0,1,17.07,0,18,LINCS,True
LSM-25905,-7.024,0.645,Cc1cc(O)nc2cc(O)ccc12,Pattern,BP1,BP1_candidates.xlsx,True,Cc1cc(O)nc2cc(O)ccc12,Cc1cc(O)nc2cc(O)ccc12,175.187,1.954,2,3,53.35,0,13,LINCS,True
LSM-3025,-6.967,0.645,CC1=CC(=O)Oc2cc(O)ccc12,RDK,BP1,BP1_candidates.xlsx,True,Cc1cc(=O)oc2cc(O)ccc12,Cc1cc(=O)oc2cc(O)ccc12,176.171,1.807,1,3,50.44,0,13,LINCS,True
LSM-33579,-6.986,0.395,O=C(NC1CCCC1)c2oc3ccc4ccccc4c3c2,Torsions,BP1,BP1_candidates.xlsx,True,O=C(NC1CCCC1)c1cc2c(ccc3ccccc32)o1,O=C(NC1CCCC1)c1cc2c(ccc3ccccc32)o1,279.339,4.258,1,2,42.24,2,21,LINCS,True
MolPort-002-043-397,-6.759,0.952,Oc1ccc2c(O)cc(=O)oc2c1,Avalon,BP1,BP1_candidates.xlsx,True,O=c1cc(O)c2ccc(O)cc2o1,O=c1cc(O)c2ccc(O)cc2o1,178.143,1.204,2,4,70.67,0,13,MolPort,True
MolPort-000-744-145,-7.062,0.586,Cc1cc(=O)oc2cc(O)cc(O)c12,FCFP,BP1,BP1_candidates.xlsx,True,Cc1cc(=O)oc2cc(O)cc(O)c12,Cc1cc(=O)oc2cc(O)cc(O)c12,192.17,1.513,2,4,70.67,0,14,MolPort,True
MolPort-006-318-916,-7.092,0.514,Oc1cc(O)c2c(oc3ccccc3c2=O)c1,Morgan,BP1,BP1_candidates.xlsx,True,O=c1c2ccccc2oc2cc(O)cc(O)c12,O=c1c2ccccc2oc2cc(O)cc(O)c12,228.203,2.357,2,4,70.67,0,17,MolPort,True
MolPort-000-499-561,-6.931,0.573,OC(=O)c1cc(=O)c2ccccc2o1,Pairs,BP1,BP1_candidates.xlsx,True,O=C(O)c1cc(=O)c2ccccc2o1,O=C(O)c1cc(=O)c2ccccc2o1,190.154,1.491,1,3,67.51,1,14,MolPort,True
MolPort-000-422-134,-7.036,0.815,Oc1ccc2c(CCl)cc(=O)oc2c1,Pattern,BP1,BP1_candidates.xlsx,True,O=c1cc(CCl)c2ccc(O)cc2o1,O=c1cc(CCl)c2ccc(O)cc2o1,210.616,2.237,1,3,50.44,1,14,MolPort,True
MolPort-000-744-145,-7.062,0.649,Cc1cc(=O)oc2cc(O)cc(O)c12,RDK,BP1,BP1_candidates.xlsx,True,Cc1cc(=O)oc2cc(O)cc(O)c12,Cc1cc(=O)oc2cc(O)cc(O)c12,192.17,1.513,2,4,70.67,0,14,MolPort,True
MolPort-002-367-171,-7.327,0.846,Cc1c(C)c2ccc(O)cc2oc1=O,Rdmaccs,BP1,BP1_candidates.xlsx,True,Cc1c(C)c2ccc(O)cc2oc1=O,Cc1c(C)c2ccc(O)cc2oc1=O,190.198,2.115,1,3,50.44,0,14,MolPort,True
MolPort-000-499-561,-6.931,0.679,OC(=O)c1cc(=O)c2ccccc2o1,Torsions,BP1,BP1_candidates.xlsx,True,O=C(O)c1cc(=O)c2ccccc2o1,O=C(O)c1cc(=O)c2ccccc2o1,190.154,1.491,1,3,67.51,1,14,MolPort,True
251157,-7.396,0.8,c1cccc2c1ccc1c2oc(=O)c(c1O)C,Avalon,BP1,BP1_candidates.xlsx,True,Cc1c(O)c2ccc3ccccc3c2oc1=O,Cc1c(O)c2ccc3ccccc3c2oc1=O,226.231,2.96,1,3,50.44,0,17,numeric library ID,True
251157,-7.396,0.533,c1cccc2c1ccc1c2oc(=O)c(c1O)C,FCFP,BP1,BP1_candidates.xlsx,True,Cc1c(O)c2ccc3ccccc3c2oc1=O,Cc1c(O)c2ccc3ccccc3c2oc1=O,226.231,2.96,1,3,50.44,0,17,numeric library ID,True
760397,-6.967,0.429,c1(cc(=O)oc2c1ccc(c2)O)C,Morgan,BP1,BP1_candidates.xlsx,True,Cc1cc(=O)oc2cc(O)ccc12,Cc1cc(=O)oc2cc(O)ccc12,176.171,1.807,1,3,50.44,0,13,numeric library ID,True
760397,-6.967,0.537,c1(cc(=O)oc2c1ccc(c2)O)C,Pairs,BP1,BP1_candidates.xlsx,True,Cc1cc(=O)oc2cc(O)ccc12,Cc1cc(=O)oc2cc(O)ccc12,176.171,1.807,1,3,50.44,0,13,numeric library ID,True
402797,-7.062,0.788,Cc1c2c(cc(cc2O)O)oc(=O)c1.*C,Pattern,BP1,BP1_candidates.xlsx,True,*C.Cc1cc(=O)oc2cc(O)cc(O)c12,Cc1cc(=O)oc2cc(O)cc(O)c12,192.17,1.513,2,4,70.67,0,14,numeric library ID,True
251157,-7.396,0.668,c1cccc2c1ccc1c2oc(=O)c(c1O)C,RDK,BP1,BP1_candidates.xlsx,True,Cc1c(O)c2ccc3ccccc3c2oc1=O,Cc1c(O)c2ccc3ccccc3c2oc1=O,226.231,2.96,1,3,50.44,0,17,numeric library ID,True
251157,-7.396,0.88,c1cccc2c1ccc1c2oc(=O)c(c1O)C,Rdmaccs,BP1,BP1_candidates.xlsx,True,Cc1c(O)c2ccc3ccccc3c2oc1=O,Cc1c(O)c2ccc3ccccc3c2oc1=O,226.231,2.96,1,3,50.44,0,17,numeric library ID,True
760397,-6.967,0.516,c1(cc(=O)oc2c1ccc(c2)O)C,Torsions,BP1,BP1_candidates.xlsx,True,Cc1cc(=O)oc2cc(O)ccc12,Cc1cc(=O)oc2cc(O)ccc12,176.171,1.807,1,3,50.44,0,13,numeric library ID,True
5426,-6.757,0.498,o1c2c(c(c3cc(c(cc13)O)O)C)cc(c(=O)c2)O,Avalon,BP1,BP1_candidates.xlsx,True,Cc1c2cc(O)c(=O)cc-2oc2cc(O)c(O)cc12,Cc1c2cc(O)c(=O)cc-2oc2cc(O)c(O)cc12,258.229,2.323,3,5,90.9,0,19,numeric library ID,True
19824,-7.229,0.282,n1c2c3ccccc3C(C(c2cc2c1cccc2)O)(C)C,FCFP,BP1,BP1_candidates.xlsx,True,CC1(C)c2ccccc2-c2nc3ccccc3cc2C1O,CC1(C)c2ccccc2-c2nc3ccccc3cc2C1O,275.351,4.226,1,2,33.12,0,21,numeric library ID,True
151252,-7.043,0.238,Brc1ccc2c(c1)c1ccccc1cc2C(=O)O,Morgan,BP1,BP1_candidates.xlsx,True,O=C(O)c1cc2ccccc2c2cc(Br)ccc12,O=C(O)c1cc2ccccc2c2cc(Br)ccc12,301.139,4.454,1,1,37.3,1,18,numeric library ID,True
151252,-7.043,0.4,Brc1ccc2c(c1)c1ccccc1cc2C(=O)O,Pairs,BP1,BP1_candidates.xlsx,True,O=C(O)c1cc2ccccc2c2cc(Br)ccc12,O=C(O)c1cc2ccccc2c2cc(Br)ccc12,301.139,4.454,1,1,37.3,1,18,numeric library ID,True
62129,-6.945,0.603,[nH]1cnc2c1c1ccc(cc1cc2)O,Pattern,BP1,BP1_candidates.xlsx,True,Oc1ccc2c(ccc3nc[nH]c32)c1,Oc1ccc2c(ccc3nc[nH]c32)c1,184.198,2.422,2,2,48.91,0,14,numeric library ID,True
5426,-6.757,0.389,o1c2c(c(c3cc(c(cc13)O)O)C)cc(c(=O)c2)O,RDK,BP1,BP1_candidates.xlsx,True,Cc1c2cc(O)c(=O)cc-2oc2cc(O)c(O)cc12,Cc1c2cc(O)c(=O)cc-2oc2cc(O)c(O)cc12,258.229,2.323,3,5,90.9,0,19,numeric library ID,True
151252,-7.043,0.5,Brc1ccc2c(c1)c1ccccc1cc2C(=O)O,Rdmaccs,BP1,BP1_candidates.xlsx,True,O=C(O)c1cc2ccccc2c2cc(Br)ccc12,O=C(O)c1cc2ccccc2c2cc(Br)ccc12,301.139,4.454,1,1,37.3,1,18,numeric library ID,True
151252,-7.043,0.342,Brc1ccc2c(c1)c1ccccc1cc2C(=O)O,Torsions,BP1,BP1_candidates.xlsx,True,O=C(O)c1cc2ccccc2c2cc(Br)ccc12,O=C(O)c1cc2ccccc2c2cc(Br)ccc12,301.139,4.454,1,1,37.3,1,18,numeric library ID,True
4MU,-6.967,0.704,c1cc(cc2oc(=O)cc(C)c12)O,Avalon,BP1,BP1_candidates.xlsx,True,Cc1cc(=O)oc2cc(O)ccc12,Cc1cc(=O)oc2cc(O)ccc12,176.171,1.807,1,3,50.44,0,13,PDB ligand,True
4MU,-6.967,0.552,c1cc(cc2oc(=O)cc(C)c12)O,FCFP,BP1,BP1_candidates.xlsx,True,Cc1cc(=O)oc2cc(O)ccc12,Cc1cc(=O)oc2cc(O)ccc12,176.171,1.807,1,3,50.44,0,13,PDB ligand,True
4MU,-6.967,0.429,c1cc(cc2oc(=O)cc(C)c12)O,Morgan,BP1,BP1_candidates.xlsx,True,Cc1cc(=O)oc2cc(O)ccc12,Cc1cc(=O)oc2cc(O)ccc12,176.171,1.807,1,3,50.44,0,13,PDB ligand,True
4MU,-6.967,0.537,c1cc(cc2oc(=O)cc(C)c12)O,Pairs,BP1,BP1_candidates.xlsx,True,Cc1cc(=O)oc2cc(O)ccc12,Cc1cc(=O)oc2cc(O)ccc12,176.171,1.807,1,3,50.44,0,13,PDB ligand,True
PEY,-7.242,0.659,c1cccc2c1c1c(cc2)cccc1,Pattern,BP1,BP1_candidates.xlsx,True,c1ccc2c(c1)ccc1ccccc12,c1ccc2c(c1)ccc1ccccc12,178.234,3.993,0,0,0.0,0,14,PDB ligand,True
4MU,-6.967,0.645,c1cc(cc2oc(=O)cc(C)c12)O,RDK,BP1,BP1_candidates.xlsx,True,Cc1cc(=O)oc2cc(O)ccc12,Cc1cc(=O)oc2cc(O)ccc12,176.171,1.807,1,3,50.44,0,13,PDB ligand,True
4MU,-6.967,0.957,c1cc(cc2oc(=O)cc(C)c12)O,Rdmaccs,BP1,BP1_candidates.xlsx,True,Cc1cc(=O)oc2cc(O)ccc12,Cc1cc(=O)oc2cc(O)ccc12,176.171,1.807,1,3,50.44,0,13,PDB ligand,True
4MU,-6.967,0.516,c1cc(cc2oc(=O)cc(C)c12)O,Torsions,BP1,BP1_candidates.xlsx,True,Cc1cc(=O)oc2cc(O)ccc12,Cc1cc(=O)oc2cc(O)ccc12,176.171,1.807,1,3,50.44,0,13,PDB ligand,True
SCHEMBL2761833,-6.856,0.913,c12oc(=O)cc(c1ccc(c2)F)O,Avalon,BP1,BP1_candidates.xlsx,True,O=c1cc(O)c2ccc(F)cc2o1,O=c1cc(O)c2ccc(F)cc2o1,180.134,1.638,1,3,50.44,0,13,SureChEMBL,True
SCHEMBL2761833,-6.856,0.704,c12oc(=O)cc(c1ccc(c2)F)O,FCFP,BP1,BP1_candidates.xlsx,True,O=c1cc(O)c2ccc(F)cc2o1,O=c1cc(O)c2ccc(F)cc2o1,180.134,1.638,1,3,50.44,0,13,SureChEMBL,True
SCHEMBL13315779,-6.98,0.562,c1ccc2c(c1)oc(=O)cc2C#C,Morgan,BP1,BP1_candidates.xlsx,True,C#Cc1cc(=O)oc2ccccc12,C#Cc1cc(=O)oc2ccccc12,170.167,1.774,0,2,30.21,0,13,SureChEMBL,True
SCHEMBL9642273,-6.514,0.71,C1(=O)Oc2ccccc2C(=O)[CH-]1,Pairs,BP1,BP1_candidates.xlsx,True,O=c1[cH-]c(=O)c2ccccc2o1,O=c1[cH-]c(=O)c2ccccc2o1,161.136,0.872,0,3,47.28,0,12,SureChEMBL,True
SCHEMBL11848480,-6.759,0.919,c1(O)cc2c(c(O)cc(=O)o2)cc1,Pattern,BP1,BP1_candidates.xlsx,True,O=c1cc(O)c2ccc(O)cc2o1,O=c1cc(O)c2ccc(O)cc2o1,178.143,1.204,2,4,70.67,0,13,SureChEMBL,True
SCHEMBL2761833,-6.856,0.827,c12oc(=O)cc(c1ccc(c2)F)O,RDK,BP1,BP1_candidates.xlsx,True,O=c1cc(O)c2ccc(F)cc2o1,O=c1cc(O)c2ccc(F)cc2o1,180.134,1.638,1,3,50.44,0,13,SureChEMBL,True
SCHEMBL15388250,-7.072,0.957,c12oc(=O)c3c(c1ccc(c2)O)cc(cc3)C,Rdmaccs,BP1,BP1_candidates.xlsx,True,Cc1ccc2c(=O)oc3cc(O)ccc3c2c1,Cc1ccc2c(=O)oc3cc(O)ccc3c2c1,226.231,2.96,1,3,50.44,0,17,SureChEMBL,True
SCHEMBL13315779,-6.98,0.704,c1ccc2c(c1)oc(=O)cc2C#C,Torsions,BP1,BP1_candidates.xlsx,True,C#Cc1cc(=O)oc2ccccc12,C#Cc1cc(=O)oc2ccccc12,170.167,1.774,0,2,30.21,0,13,SureChEMBL,True
ZINC000103969950,-7.396,0.8,Cc1c(O)c2ccc3ccccc3c2oc1=O,Avalon,BP1,BP1_candidates.xlsx,True,Cc1c(O)c2ccc3ccccc3c2oc1=O,Cc1c(O)c2ccc3ccccc3c2oc1=O,226.231,2.96,1,3,50.44,0,17,ZINC15,True
ZINC000000058126,-7.062,0.586,Cc1cc(=O)oc2cc(O)cc(O)c12,FCFP,BP1,BP1_candidates.xlsx,True,Cc1cc(=O)oc2cc(O)cc(O)c12,Cc1cc(=O)oc2cc(O)cc(O)c12,192.17,1.513,2,4,70.67,0,14,ZINC15,True
ZINC000006117594,-7.092,0.514,O=c1c2ccccc2oc2cc(O)cc(O)c12,Morgan,BP1,BP1_candidates.xlsx,True,O=c1c2ccccc2oc2cc(O)cc(O)c12,O=c1c2ccccc2oc2cc(O)cc(O)c12,228.203,2.357,2,4,70.67,0,17,ZINC15,True
ZINC000200389531,-6.98,0.587,C#Cc1cc(=O)oc2ccccc12,Pairs,BP1,BP1_candidates.xlsx,True,C#Cc1cc(=O)oc2ccccc12,C#Cc1cc(=O)oc2ccccc12,170.167,1.774,0,2,30.21,0,13,ZINC15,True
ZINC000200389531,-6.98,0.847,C#Cc1cc(=O)oc2ccccc12,Pattern,BP1,BP1_candidates.xlsx,True,C#Cc1cc(=O)oc2ccccc12,C#Cc1cc(=O)oc2ccccc12,170.167,1.774,0,2,30.21,0,13,ZINC15,True
ZINC000044672070,-6.856,0.827,O=c1cc(O)c2ccc(F)cc2o1,RDK,BP1,BP1_candidates.xlsx,True,O=c1cc(O)c2ccc(F)cc2o1,O=c1cc(O)c2ccc(F)cc2o1,180.134,1.638,1,3,50.44,0,13,ZINC15,True
ZINC000103969950,-7.396,0.88,Cc1c(O)c2ccc3ccccc3c2oc1=O,Rdmaccs,BP1,BP1_candidates.xlsx,True,Cc1c(O)c2ccc3ccccc3c2oc1=O,Cc1c(O)c2ccc3ccccc3c2oc1=O,226.231,2.96,1,3,50.44,0,17,ZINC15,True
ZINC000200389531,-6.98,0.704,C#Cc1cc(=O)oc2ccccc12,Torsions,BP1,BP1_candidates.xlsx,True,C#Cc1cc(=O)oc2ccccc12,C#Cc1cc(=O)oc2ccccc12,170.167,1.774,0,2,30.21,0,13,ZINC15,True
CHEMBL2262363,-7.581,0.797,c1ccc2c(c1)oc(=O)c(c2O)c1cc(c2c(c3ccccc3oc2=O)O)ccc1,Avalon,BP2,BP2_candidates.xlsx,True,O=c1oc2ccccc2c(O)c1-c1cccc(-c2c(O)c3ccccc3oc2=O)c1,O=c1oc2ccccc2c(O)c1-c1cccc(-c2c(O)c3ccccc3oc2=O)c1,398.37,4.645,2,6,100.88,2,30,ChEMBL23,True
CHEMBL392451,-8.211,0.633,c1ccc2c(c1)oc(=O)c(c2O)C(c1c(O)c2c(oc1=O)cccc2)c1cccc(c1)C(c1c(=O)oc2c(c1O)cccc2)c1c(=O)oc2c(c1O)cccc2,FCFP,BP2,BP2_candidates.xlsx,True,O=c1oc2ccccc2c(O)c1C(c1cccc(C(c2c(O)c3ccccc3oc2=O)c2c(O)c3ccccc3oc2=O)c1)c1c(O)c2ccccc2oc1=O,O=c1oc2ccccc2c(O)c1C(c1cccc(C(c2c(O)c3ccccc3oc2=O)c2c(O)c3ccccc3oc2=O)c1)c1c(O)c2ccccc2oc1=O,746.68,7.295,4,12,201.76,6,56,ChEMBL23,False
CHEMBL1364708,-8.175,0.475,o1c(c2c3c(oc(=O)c2)ccc(O)c3)cc2c1cccc2,Morgan,BP2,BP2_candidates.xlsx,True,O=c1cc(-c2cc3ccccc3o2)c2cc(O)ccc2o1,O=c1cc(-c2cc3ccccc3o2)c2cc(O)ccc2o1,278.263,3.912,1,4,63.58,1,21,ChEMBL23,True
CHEMBL227815,-6.711,0.545,c1ccc2cccc3c2c1C=C(C3=O)O,Pairs,BP2,BP2_candidates.xlsx,True,O=C1C(O)=Cc2cccc3cccc1c23,O=C1C(O)=Cc2cccc3cccc1c23,196.205,2.935,1,2,37.3,0,15,ChEMBL23,True
CHEMBL12208,-6.453,0.854,o1c2c(c(cc1=O)C)ccc(O)c2,Pattern,BP2,BP2_candidates.xlsx,True,Cc1cc(=O)oc2cc(O)ccc12,Cc1cc(=O)oc2cc(O)ccc12,176.171,1.807,1,3,50.44,0,13,ChEMBL23,True
CHEMBL3094027,-6.968,0.672,c1(=O)cc(c2ccc(cc2o1)OCc1cc(ccc1)F)O,RDK,BP2,BP2_candidates.xlsx,True,O=c1cc(O)c2ccc(OCc3cccc(F)c3)cc2o1,O=c1cc(O)c2ccc(OCc3cccc(F)c3)cc2o1,286.258,3.217,1,4,59.67,3,21,ChEMBL23,True
CHEMBL1801014,-8.141,0.913,c1cc2c(oc(cc2=O)c2cccc(c2)O)c2c1cccc2,Rdmaccs,BP2,BP2_candidates.xlsx,True,O=c1cc(-c2cccc(O)c2)oc2c1ccc1ccccc12,O=c1cc(-c2cccc(O)c2)oc2c1ccc1ccccc12,288.302,4.319,1,3,50.44,1,22,ChEMBL23,True
CHEMBL374372,-7.174,0.541,c1ccc2c(c1)oc(cc2=O)/C=C/c1cc(c(cc1)O)O,Torsions,BP2,BP2_candidates.xlsx,True,O=c1cc(/C=C/c2ccc(O)c(O)c2)oc2ccccc12,O=c1cc(/C=C/c2ccc(O)c(O)c2)oc2ccccc12,280.279,3.375,2,4,70.67,2,21,ChEMBL23,True
DB04750,-7.429,0.515,OC(=O)c1cc(C(=O)O)c(cc1)c1c2cc(F)c(=O)cc2oc2cc(O)c(F)cc12,Avalon,BP2,BP2_candidates.xlsx,True,O=C(O)c1ccc(-c2c3cc(F)c(=O)cc-3oc3cc(O)c(F)cc23)c(C(=O)O)c1,O=C(O)c1ccc(-c2c3cc(F)c(=O)cc-3oc3cc(O)c(F)cc23)c(C(=O)O)c1,412.3,3.945,3,5,125.04,3,30,DrugBank,True
DB07009,-7.843,0.412,c1(cc2c(cc1)nc(o2)c1c2c(ccc1)c(ccc2)O)O,FCFP,BP2,BP2_candidates.xlsx,True,Oc1ccc2nc(-c3cccc4c(O)cccc34)oc2c1,Oc1ccc2nc(-c3cccc4c(O)cccc34)oc2c1,277.279,4.059,2,4,66.49,1,21,DrugBank,True
DB07009,-7.843,0.302,c1(cc2c(cc1)nc(o2)c1c2c(ccc1)c(ccc2)O)O,Morgan,BP2,BP2_candidates.xlsx,True,Oc1ccc2nc(-c3cccc4c(O)cccc34)oc2c1,Oc1ccc2nc(-c3cccc4c(O)cccc34)oc2c1,277.279,4.059,2,4,66.49,1,21,DrugBank,True
DB01852,-7.312,0.372,c1c(c2c(cc1O)oc(c(c2=O)O)c1ccc(cc1)O)O,Pairs,BP2,BP2_candidates.xlsx,True,O=c1c(O)c(-c2ccc(O)cc2)oc2cc(O)cc(O)c12,O=c1c(O)c(-c2ccc(O)cc2)oc2cc(O)cc(O)c12,286.239,2.282,4,6,111.13,1,21,DrugBank,True
DB08100,-6.88,0.637,Cc1cc(cc(c1O)C)/C=C/c1ccccc1,Pattern,BP2,BP2_candidates.xlsx,True,Cc1cc(/C=C/c2ccccc2)cc(C)c1O,Cc1cc(/C=C/c2ccccc2)cc(C)c1O,224.303,4.179,1,1,20.23,2,17,DrugBank,True
DB07236,-7.533,0.34,c1(cc2c(cc1)cc(cc2)O)c1c2c(on1)cc(cc2)O,RDK,BP2,BP2_candidates.xlsx,True,Oc1ccc2cc(-c3noc4cc(O)ccc34)ccc2c1,Oc1ccc2cc(-c3noc4cc(O)ccc34)ccc2c1,277.279,4.059,2,4,66.49,1,21,DrugBank,True
DB04750,-7.429,0.688,OC(=O)c1cc(C(=O)O)c(cc1)c1c2cc(F)c(=O)cc2oc2cc(O)c(F)cc12,Rdmaccs,BP2,BP2_candidates.xlsx,True,O=C(O)c1ccc(-c2c3cc(F)c(=O)cc-3oc3cc(O)c(F)cc23)c(C(=O)O)c1,O=C(O)c1ccc(-c2c3cc(F)c(=O)cc-3oc3cc(O)c(F)cc23)c(C(=O)O)c1,412.3,3.945,3,5,125.04,3,30,DrugBank,True
DB07009,-7.843,0.37,c1(cc2c(cc1)nc(o2)c1c2c(ccc1)c(ccc2)O)O,Torsions,BP2,BP2_candidates.xlsx,True,Oc1ccc2nc(-c3cccc4c(O)cccc34)oc2c1,Oc1ccc2nc(-c3cccc4c(O)cccc34)oc2c1,277.279,4.059,2,4,66.49,1,21,DrugBank,True
317,-7.497,0.302,CCC1=C(C(=O)C2=CC=C(O)C=C2)C2=C(O1)C=CC=C2,Avalon,BP2,BP2_candidates.xlsx,True,CCc1oc2ccccc2c1C(=O)c1ccc(O)cc1,CCc1oc2ccccc2c1C(=O)c1ccc(O)cc1,266.296,3.932,1,3,50.44,3,20,PDB ligand,True
3543,-9.093,0.237,CC1=C(C=CC=C1)N=NC1=CC(C)=C(C=C1)N=NC1=C(O)C=CC2=C1C=CC=C2,FCFP,BP2,BP2_candidates.xlsx,True,Cc1ccccc1N=Nc1ccc(N=Nc2c(O)ccc3ccccc23)c(C)c1,Cc1ccccc1N=Nc1ccc(N=Nc2c(O)ccc3ccccc23)c(C)c1,380.451,7.993,1,5,69.67,4,29,numeric library ID,False
3543,-9.093,0.265,CC1=C(C=CC=C1)N=NC1=CC(C)=C(C=C1)N=NC1=C(O)C=CC2=C1C=CC=C2,Morgan,BP2,BP2_candidates.xlsx,True,Cc1ccccc1N=Nc1ccc(N=Nc2c(O)ccc3ccccc23)c(C)c1,Cc1ccccc1N=Nc1ccc(N=Nc2c(O)ccc3ccccc23)c(C)c1,380.451,7.993,1,5,69.67,4,29,numeric library ID,False
317,-7.497,0.338,CCC1=C(C(=O)C2=CC=C(O)C=C2)C2=C(O1)C=CC=C2,Pairs,BP2,BP2_candidates.xlsx,True,CCc1oc2ccccc2c1C(=O)c1ccc(O)cc1,CCc1oc2ccccc2c1C(=O)c1ccc(O)cc1,266.296,3.932,1,3,50.44,3,20,PDB ligand,True
1477,-6.953,0.614,CC(C)OC1=CC=C2C(=O)C(=COC2=C1)C1=CC=CC=C1,Pattern,BP2,BP2_candidates.xlsx,True,CC(C)Oc1ccc2c(=O)c(-c3ccccc3)coc2c1,CC(C)Oc1ccc2c(=O)c(-c3ccccc3)coc2c1,280.323,4.247,0,3,39.44,3,21,numeric library ID,True
317,-7.497,0.336,CCC1=C(C(=O)C2=CC=C(O)C=C2)C2=C(O1)C=CC=C2,RDK,BP2,BP2_candidates.xlsx,True,CCc1oc2ccccc2c1C(=O)c1ccc(O)cc1,CCc1oc2ccccc2c1C(=O)c1ccc(O)cc1,266.296,3.932,1,3,50.44,3,20,PDB ligand,True
317,-7.497,0.667,CCC1=C(C(=O)C2=CC=C(O)C=C2)C2=C(O1)C=CC=C2,Rdmaccs,BP2,BP2_candidates.xlsx,True,CCc1oc2ccccc2c1C(=O)c1ccc(O)cc1,CCc1oc2ccccc2c1C(=O)c1ccc(O)cc1,266.296,3.932,1,3,50.44,3,20,PDB ligand,True
317,-7.497,0.289,CCC1=C(C(=O)C2=CC=C(O)C=C2)C2=C(O1)C=CC=C2,Torsions,BP2,BP2_candidates.xlsx,True,CCc1oc2ccccc2c1C(=O)c1ccc(O)cc1,CCc1oc2ccccc2c1C(=O)c1ccc(O)cc1,266.296,3.932,1,3,50.44,3,20,PDB ligand,True
1842204,-7.367,0.8,O=C(Oc1cc(=O)oc2ccccc12)c1ccccc1,Avalon,BP2,BP2_candidates.xlsx,True,O=C(Oc1cc(=O)oc2ccccc12)c1ccccc1,O=C(Oc1cc(=O)oc2ccccc12)c1ccccc1,266.252,3.012,0,4,56.51,2,20,numeric library ID,True
2357873,-7.02,0.8,Oc1cc(=O)oc2c3ccccc3oc(=O)c12,FCFP,BP2,BP2_candidates.xlsx,True,O=c1cc(O)c2c(=O)oc3ccccc3c2o1,O=c1cc(O)c2c(=O)oc3ccccc3c2o1,230.175,1.605,1,5,80.65,0,17,numeric library ID,True
1842204,-7.367,0.514,O=C(Oc1cc(=O)oc2ccccc12)c1ccccc1,Morgan,BP2,BP2_candidates.xlsx,True,O=C(Oc1cc(=O)oc2ccccc12)c1ccccc1,O=C(Oc1cc(=O)oc2ccccc12)c1ccccc1,266.252,3.012,0,4,56.51,2,20,numeric library ID,True
50005460,-6.86,0.605,Oc1cc(=O)oc2c1ccc1ccccc21,Pairs,BP2,BP2_candidates.xlsx,True,O=c1cc(O)c2ccc3ccccc3c2o1,O=c1cc(O)c2ccc3ccccc3c2o1,212.204,2.652,1,3,50.44,0,16,numeric library ID,True
529222,-6.453,0.854,Cc1cc(=O)oc2cc(O)ccc12,Pattern,BP2,BP2_candidates.xlsx,True,Cc1cc(=O)oc2cc(O)ccc12,Cc1cc(=O)oc2cc(O)ccc12,176.171,1.807,1,3,50.44,0,13,numeric library ID,True
2035856,-7.005,0.791,O=c1cc(Oc2cc(=O)oc3ccccc23)c2ccccc2o1,RDK,BP2,BP2_candidates.xlsx,True,O=c1cc(Oc2cc(=O)oc3ccccc23)c2ccccc2o1,O=c1cc(Oc2cc(=O)oc3ccccc23)c2ccccc2o1,306.273,3.692,0,5,69.65,2,23,numeric library ID,True
4368550,-8.141,0.913,Oc1cccc(c1)c1cc(=O)c2ccc3ccccc3c2o1,Rdmaccs,BP2,BP2_candidates.xlsx,True,O=c1cc(-c2cccc(O)c2)oc2c1ccc1ccccc12,O=c1cc(-c2cccc(O)c2)oc2c1ccc1ccccc12,288.302,4.319,1,3,50.44,1,22,numeric library ID,True
50005460,-6.86,0.625,Oc1cc(=O)oc2c1ccc1ccccc21,Torsions,BP2,BP2_candidates.xlsx,True,O=c1cc(O)c2ccc3ccccc3c2o1,O=c1cc(O)c2ccc3ccccc3c2o1,212.204,2.652,1,3,50.44,0,16,numeric library ID,True
DB08820,-7.456,0.272,Oc1c(C(C)(C)C)cc(C(C)(C)C)c(NC(=O)c2c(=O)c3c([nH]c2)cccc3)c1,Avalon,BP2,BP2_candidates.xlsx,True,CC(C)(C)c1cc(C(C)(C)C)c(NC(=O)c2c[nH]c3ccccc3c2=O)cc1O,CC(C)(C)c1cc(C(C)(C)C)c(NC(=O)c2c[nH]c3ccccc3c2=O)cc1O,392.499,5.081,3,3,82.19,2,29,DrugBank,False
DB06595,-7.953,0.196,c12c(c3c4c5c1c1c(cccc1)n5[C@]1(O[C@@H](n4c4c3cccc4)C[C@@H](N(C)C(=O)c3ccccc3)[C@H]1OC)C)C(=O)NC2,FCFP,BP2,BP2_candidates.xlsx,True,CO[C@@H]1[C@H](N(C)C(=O)c2ccccc2)C[C@H]2O[C@]1(C)n1c3ccccc3c3c4c(c5c6ccccc6n2c5c31)C(=O)NC4,CO[C@@H]1[C@H](N(C)C(=O)c2ccccc2)C[C@H]2O[C@]1(C)n1c3ccccc3c3c4c(c5c6ccccc6n2c5c31)C(=O)NC4,570.649,5.907,1,6,77.73,3,43,DrugBank,False
DB08820,-7.456,0.236,Oc1c(C(C)(C)C)cc(C(C)(C)C)c(NC(=O)c2c(=O)c3c([nH]c2)cccc3)c1,Morgan,BP2,BP2_candidates.xlsx,True,CC(C)(C)c1cc(C(C)(C)C)c(NC(=O)c2c[nH]c3ccccc3c2=O)cc1O,CC(C)(C)c1cc(C(C)(C)C)c(NC(=O)c2c[nH]c3ccccc3c2=O)cc1O,392.499,5.081,3,3,82.19,2,29,DrugBank,False
DB00794,-6.541,0.275,O=C1NCNC(=O)C1(CC)c1ccccc1,Pairs,BP2,BP2_candidates.xlsx,True,CCC1(c2ccccc2)C(=O)NCNC1=O,CCC1(c2ccccc2)C(=O)NCNC1=O,218.256,0.538,2,2,58.2,2,16,DrugBank,True
DB09096,-6.587,0.582,c1ccc(cc1)C(=O)OOC(=O)c1ccccc1,Pattern,BP2,BP2_candidates.xlsx,True,O=C(OOC(=O)c1ccccc1)c1ccccc1,O=C(OOC(=O)c1ccccc1)c1ccccc1,242.23,2.615,0,4,52.6,2,18,DrugBank,True
DB06595,-7.953,0.318,c12c(c3c4c5c1c1c(cccc1)n5[C@]1(O[C@@H](n4c4c3cccc4)C[C@@H](N(C)C(=O)c3ccccc3)[C@H]1OC)C)C(=O)NC2,RDK,BP2,BP2_candidates.xlsx,True,CO[C@@H]1[C@H](N(C)C(=O)c2ccccc2)C[C@H]2O[C@]1(C)n1c3ccccc3c3c4c(c5c6ccccc6n2c5c31)C(=O)NC4,CO[C@@H]1[C@H](N(C)C(=O)c2ccccc2)C[C@H]2O[C@]1(C)n1c3ccccc3c3c4c(c5c6ccccc6n2c5c31)C(=O)NC4,570.649,5.907,1,6,77.73,3,43,DrugBank,False
DB08820,-7.456,0.426,Oc1c(C(C)(C)C)cc(C(C)(C)C)c(NC(=O)c2c(=O)c3c([nH]c2)cccc3)c1,Rdmaccs,BP2,BP2_candidates.xlsx,True,CC(C)(C)c1cc(C(C)(C)C)c(NC(=O)c2c[nH]c3ccccc3c2=O)cc1O,CC(C)(C)c1cc(C(C)(C)C)c(NC(=O)c2c[nH]c3ccccc3c2=O)cc1O,392.499,5.081,3,3,82.19,2,29,DrugBank,False
DB08820,-7.456,0.211,Oc1c(C(C)(C)C)cc(C(C)(C)C)c(NC(=O)c2c(=O)c3c([nH]c2)cccc3)c1,Torsions,BP2,BP2_candidates.xlsx,True,CC(C)(C)c1cc(C(C)(C)C)c(NC(=O)c2c[nH]c3ccccc3c2=O)cc1O,CC(C)(C)c1cc(C(C)(C)C)c(NC(=O)c2c[nH]c3ccccc3c2=O)cc1O,392.499,5.081,3,3,82.19,2,29,DrugBank,False
HMDB30821,-7.718,0.547,OCC1OC(OC2=C(O)C=C3C=CC(=O)OC3=C2)C(O)C(O)C1O,Avalon,BP2,BP2_candidates.xlsx,True,O=c1ccc2cc(O)c(OC3OC(CO)C(O)C(O)C3O)cc2o1,O=c1ccc2cc(O)c(OC3OC(CO)C(O)C(O)C3O)cc2o1,340.284,-1.323,5,9,149.82,3,24,HMDB,True
HMDB38956,-7.636,0.385,OC1=CC=C(C=CC=C/C2=NC3=CC=CC=C3C(=O)O2)C=C1,FCFP,BP2,BP2_candidates.xlsx,True,O=c1oc(C=CC=Cc2ccc(O)cc2)nc2ccccc12,O=c1oc(C=CC=Cc2ccc(O)cc2)nc2ccccc12,291.306,3.62,1,4,63.33,3,22,HMDB,True
HMDB29219,-7.247,0.316,OC1=CC2=C(C=C1O)C1=CC=C(O)C(O)=C1OC2=O,Morgan,BP2,BP2_candidates.xlsx,True,O=c1oc2c(O)c(O)ccc2c2cc(O)c(O)cc12,O=c1oc2c(O)c(O)ccc2c2cc(O)c(O)cc12,260.201,1.769,4,6,111.13,0,19,HMDB,True
HMDB29518,-6.957,0.425,CC(=O)C1=C(O)C2=C(OC(=O)C=C2C)C=C1,Pairs,BP2,BP2_candidates.xlsx,True,CC(=O)c1ccc2oc(=O)cc(C)c2c1O,CC(=O)c1ccc2oc(=O)cc(C)c2c1O,218.208,2.01,1,4,67.51,1,16,HMDB,True
HMDB29518,-6.957,0.714,CC(=O)C1=C(O)C2=C(OC(=O)C=C2C)C=C1,Pattern,BP2,BP2_candidates.xlsx,True,CC(=O)c1ccc2oc(=O)cc(C)c2c1O,CC(=O)c1ccc2oc(=O)cc(C)c2c1O,218.208,2.01,1,4,67.51,1,16,HMDB,True
HMDB29219,-7.247,0.621,OC1=CC2=C(C=C1O)C1=CC=C(O)C(O)=C1OC2=O,RDK,BP2,BP2_candidates.xlsx,True,O=c1oc2c(O)c(O)ccc2c2cc(O)c(O)cc12,O=c1oc2c(O)c(O)ccc2c2cc(O)c(O)cc12,260.201,1.769,4,6,111.13,0,19,HMDB,True
HMDB29534,-7.487,0.724,CC(=O)C1=C(O)C=CC2=C1OC(C)=C(C2=O)C1=CC=CC=C1,Rdmaccs,BP2,BP2_candidates.xlsx,True,CC(=O)c1c(O)ccc2c(=O)c(-c3ccccc3)c(C)oc12,CC(=O)c1c(O)ccc2c(=O)c(-c3ccccc3)c(C)oc12,294.306,3.677,1,4,67.51,2,22,HMDB,True
HMDB30796,-7.943,0.357,OC1=CC(O)=C(C=C1)C1=C(O)C(=O)C2=C(O)C=C(O)C=C2O1,Torsions,BP2,BP2_candidates.xlsx,True,O=c1c(O)c(-c2ccc(O)cc2O)oc2cc(O)cc(O)c12,O=c1c(O)c(-c2ccc(O)cc2O)oc2cc(O)cc(O)c12,302.238,1.988,5,7,131.36,1,22,HMDB,True
LSM-27001,-7.532,0.518,[O-][N+](=O)c1ccc(COc2ccc3C4=C(CCCC4)C(=O)Oc3c2)cc1,Avalon,BP2,BP2_candidates.xlsx,True,O=c1oc2cc(OCc3ccc([N+](=O)[O-])cc3)ccc2c2c1CCCC2,O=c1oc2cc(OCc3ccc([N+](=O)[O-])cc3)ccc2c2c1CCCC2,351.358,4.159,0,5,82.58,4,26,LINCS,True
LSM-36988,-7.943,0.371,OC1=C(Oc2cc(O)cc(O)c2C1=O)c3ccc(O)cc3O,FCFP,BP2,BP2_candidates.xlsx,True,O=c1c(O)c(-c2ccc(O)cc2O)oc2cc(O)cc(O)c12,O=c1c(O)c(-c2ccc(O)cc2O)oc2cc(O)cc(O)c12,302.238,1.988,5,7,131.36,1,22,LINCS,True
LSM-36455,-7.102,0.314,Oc1cc2C(=O)Oc3c(O)c(O)cc4C(=O)Oc(c1O)c2c34,Morgan,BP2,BP2_candidates.xlsx,True,O=c1oc2c(O)c(O)cc3c(=O)oc4c(O)c(O)cc1c4c23,O=c1oc2c(O)c(O)cc3c(=O)oc4c(O)c(O)cc1c4c23,302.194,1.313,4,8,141.34,0,22,LINCS,True
LSM-5304,-7.312,0.372,OC1=C(Oc2cc(O)cc(O)c2C1=O)c3ccc(O)cc3,Pairs,BP2,BP2_candidates.xlsx,True,O=c1c(O)c(-c2ccc(O)cc2)oc2cc(O)cc(O)c12,O=c1c(O)c(-c2ccc(O)cc2)oc2cc(O)cc(O)c12,286.239,2.282,4,6,111.13,1,21,LINCS,True
LSM-17202,-6.917,0.64,Oc1cc2OC(=O)C=C(CN3CCOCC3)c2cc1Cl,Pattern,BP2,BP2_candidates.xlsx,True,O=c1cc(CN2CCOCC2)c2cc(Cl)c(O)cc2o1,O=c1cc(CN2CCOCC2)c2cc(Cl)c(O)cc2o1,295.722,1.984,1,5,62.91,2,20,LINCS,True
LSM-36455,-7.102,0.581,Oc1cc2C(=O)Oc3c(O)c(O)cc4C(=O)Oc(c1O)c2c34,RDK,BP2,BP2_candidates.xlsx,True,O=c1oc2c(O)c(O)cc3c(=O)oc4c(O)c(O)cc1c4c23,O=c1oc2c(O)c(O)cc3c(=O)oc4c(O)c(O)cc1c4c23,302.194,1.313,4,8,141.34,0,22,LINCS,True
LSM-36988,-7.943,0.724,OC1=C(Oc2cc(O)cc(O)c2C1=O)c3ccc(O)cc3O,Rdmaccs,BP2,BP2_candidates.xlsx,True,O=c1c(O)c(-c2ccc(O)cc2O)oc2cc(O)cc(O)c12,O=c1c(O)c(-c2ccc(O)cc2O)oc2cc(O)cc(O)c12,302.238,1.988,5,7,131.36,1,22,LINCS,True
LSM-36988,-7.943,0.357,OC1=C(Oc2cc(O)cc(O)c2C1=O)c3ccc(O)cc3O,Torsions,BP2,BP2_candidates.xlsx,True,O=c1c(O)c(-c2ccc(O)cc2O)oc2cc(O)cc(O)c12,O=c1c(O)c(-c2ccc(O)cc2O)oc2cc(O)cc(O)c12,302.238,1.988,5,7,131.36,1,22,LINCS,True
MolPort-002-113-300,-7.367,0.8,O=C(Oc1cc(=O)oc2ccccc12)c1ccccc1,Avalon,BP2,BP2_candidates.xlsx,True,O=C(Oc1cc(=O)oc2ccccc12)c1ccccc1,O=C(Oc1cc(=O)oc2ccccc12)c1ccccc1,266.252,3.012,0,4,56.51,2,20,MolPort,True
MolPort-002-321-924,-8.303,0.562,Oc1c(C(=O)NNC(=O)c2c(O)c3ccccc3oc2=O)c(=O)oc2ccccc12,FCFP,BP2,BP2_candidates.xlsx,True,O=C(NNC(=O)c1c(O)c2ccccc2oc1=O)c1c(O)c2ccccc2oc1=O,O=C(NNC(=O)c1c(O)c2ccccc2oc1=O)c1c(O)c2ccccc2oc1=O,408.322,1.385,4,8,159.08,2,30,MolPort,True
MolPort-003-378-434,-8.175,0.475,Oc1ccc2oc(=O)cc(c3cc4ccccc4o3)c2c1,Morgan,BP2,BP2_candidates.xlsx,True,O=c1cc(-c2cc3ccccc3o2)c2cc(O)ccc2o1,O=c1cc(-c2cc3ccccc3o2)c2cc(O)ccc2o1,278.263,3.912,1,4,63.58,1,21,MolPort,True
MolPort-035-673-217,-6.86,0.605,Oc1cc(=O)oc2c1ccc1ccccc21,Pairs,BP2,BP2_candidates.xlsx,True,O=c1cc(O)c2ccc3ccccc3c2o1,O=c1cc(O)c2ccc3ccccc3c2o1,212.204,2.652,1,3,50.44,0,16,MolPort,True
MolPort-000-467-367,-6.453,0.854,Cc1cc(=O)oc2cc(O)ccc12,Pattern,BP2,BP2_candidates.xlsx,True,Cc1cc(=O)oc2cc(O)ccc12,Cc1cc(=O)oc2cc(O)ccc12,176.171,1.807,1,3,50.44,0,13,MolPort,True
MolPort-002-153-633,-7.02,0.677,Oc1cc(=O)oc2c1c(=O)oc1ccccc21,RDK,BP2,BP2_candidates.xlsx,True,O=c1cc(O)c2c(=O)oc3ccccc3c2o1,O=c1cc(O)c2c(=O)oc3ccccc3c2o1,230.175,1.605,1,5,80.65,0,17,MolPort,True
MolPort-002-153-633,-7.02,0.88,Oc1cc(=O)oc2c1c(=O)oc1ccccc21,Rdmaccs,BP2,BP2_candidates.xlsx,True,O=c1cc(O)c2c(=O)oc3ccccc3c2o1,O=c1cc(O)c2c(=O)oc3ccccc3c2o1,230.175,1.605,1,5,80.65,0,17,MolPort,True
MolPort-002-153-633,-7.02,0.588,Oc1cc(=O)oc2c1c(=O)oc1ccccc21,Torsions,BP2,BP2_candidates.xlsx,True,O=c1cc(O)c2c(=O)oc3ccccc3c2o1,O=c1cc(O)c2c(=O)oc3ccccc3c2o1,230.175,1.605,1,5,80.65,0,17,MolPort,True
118810,-8.495,0.694,O(c1c2c(oc(=O)cc2C)cc(c1)O)Cc1ccccc1,Avalon,BP2,BP2_candidates.xlsx,True,Cc1cc(=O)oc2cc(O)cc(OCc3ccccc3)c12,Cc1cc(=O)oc2cc(O)cc(OCc3ccccc3)c12,282.295,3.386,1,4,59.67,3,21,numeric library ID,True
686393,-8.211,0.633,c1ccc2c(c1)oc(=O)c(c2O)C(c1c(=O)oc2c(c1O)cccc2)c1cccc(c1)C(c1c(c2ccccc2oc1=O)O)c1c(=O)oc2c(c1O)cccc2,FCFP,BP2,BP2_candidates.xlsx,True,O=c1oc2ccccc2c(O)c1C(c1cccc(C(c2c(O)c3ccccc3oc2=O)c2c(O)c3ccccc3oc2=O)c1)c1c(O)c2ccccc2oc1=O,O=c1oc2ccccc2c(O)c1C(c1cccc(C(c2c(O)c3ccccc3oc2=O)c2c(O)c3ccccc3oc2=O)c1)c1c(O)c2ccccc2oc1=O,746.68,7.295,4,12,201.76,6,56,numeric library ID,False
746361,-9.116,0.441,c1(c2cc(c(c3nc4c(o3)cccc4)cc2O)O)nc2c(o1)cccc2,Morgan,BP2,BP2_candidates.xlsx,True,Oc1cc(-c2nc3ccccc3o2)c(O)cc1-c1nc2ccccc2o1,Oc1cc(-c2nc3ccccc3o2)c(O)cc1-c1nc2ccccc2o1,344.326,4.714,2,6,92.52,2,26,numeric library ID,True
380712,-6.86,0.605,c1(=O)cc(c2c(c3ccccc3cc2)o1)O,Pairs,BP2,BP2_candidates.xlsx,True,O=c1cc(O)c2ccc3ccccc3c2o1,O=c1cc(O)c2ccc3ccccc3c2o1,212.204,2.652,1,3,50.44,0,16,numeric library ID,True
764465,-6.684,0.777,c1c2c(cc(c1N)O)oc(=O)cc2C,Pattern,BP2,BP2_candidates.xlsx,True,Cc1cc(=O)oc2cc(O)c(N)cc12,Cc1cc(=O)oc2cc(O)c(N)cc12,191.186,1.389,2,4,76.46,0,14,numeric library ID,True
656562,-8.08,0.59,c12ccccc1c1c(cc2)c(=O)oc2c1cc1c(c2)cccc1,RDK,BP2,BP2_candidates.xlsx,True,O=c1oc2cc3ccccc3cc2c2c1ccc1ccccc12,O=c1oc2cc3ccccc3cc2c2c1ccc1ccccc12,296.325,5.253,0,2,30.21,0,23,numeric library ID,False
656562,-8.08,0.818,c12ccccc1c1c(cc2)c(=O)oc2c1cc1c(c2)cccc1,Rdmaccs,BP2,BP2_candidates.xlsx,True,O=c1oc2cc3ccccc3cc2c2c1ccc1ccccc12,O=c1oc2cc3ccccc3cc2c2c1ccc1ccccc12,296.325,5.253,0,2,30.21,0,23,numeric library ID,False
2608,-6.961,0.476,o1c2c(c(c3ccccc3)c3cc(c(cc13)O)O)cc(c(=O)c2)O,Torsions,BP2,BP2_candidates.xlsx,True,O=c1cc2oc3cc(O)c(O)cc3c(-c3ccccc3)c-2cc1O,O=c1cc2oc3cc(O)c(O)cc3c(-c3ccccc3)c-2cc1O,320.3,3.682,3,5,90.9,1,24,numeric library ID,True
96541,-7.635,0.341,N1(C(C=Cc2c3ccccc3ccc12)C#N)C(=O)c1ccccc1,Avalon,BP2,BP2_candidates.xlsx,True,N#CC1C=Cc2c(ccc3ccccc23)N1C(=O)c1ccccc1,N#CC1C=Cc2c(ccc3ccccc23)N1C(=O)c1ccccc1,310.356,4.406,0,2,44.1,1,24,numeric library ID,True
71881,-7.856,0.27,n1c2ccc(cc2ccc1)NC(=O)Nc1ccc2ncccc2c1,FCFP,BP2,BP2_candidates.xlsx,True,O=C(Nc1ccc2ncccc2c1)Nc1ccc2ncccc2c1,O=C(Nc1ccc2ncccc2c1)Nc1ccc2ncccc2c1,314.348,4.427,2,3,66.91,2,24,numeric library ID,True
50651,-8.307,0.235,[nH]1c2cc(c(cc2c2c1cccc2)C(=O)Nc1ccc(Cl)cc1)O,Morgan,BP2,BP2_candidates.xlsx,True,O=C(Nc1ccc(Cl)cc1)c1cc2c(cc1O)[nH]c1ccccc12,O=C(Nc1ccc(Cl)cc1)c1cc2c(cc1O)[nH]c1ccccc12,336.778,4.932,3,2,65.12,2,24,numeric library ID,True
32838,-6.786,0.311,O=C1NC2(C(=O)N1)CCc1c2cccc1,Pairs,BP2,BP2_candidates.xlsx,True,O=C1NC(=O)C2(CCc3ccccc32)N1,O=C1NC(=O)C2(CCc3ccccc32)N1,202.213,0.667,2,2,58.2,0,15,numeric library ID,True
13974,-7.699,0.592,N(=Nc1ccc(c2c1cccc2)N)/c1ccccc1,Pattern,BP2,BP2_candidates.xlsx,True,Nc1ccc(N=Nc2ccccc2)c2ccccc12,Nc1ccc(N=Nc2ccccc2)c2ccccc12,247.301,4.837,1,3,50.74,2,19,numeric library ID,True
7524,-8.124,0.315,O1[C@]23C[C@]4([C@H]5[C@@]([C@@]([C@H]6N(C[C@H](CC6)C)C5)(O)C)([C@H](C[C@]4([C@@H]2CC[C@H]2[C@@]3(CC[C@@H]([C@]12O)OC(=O)c1cc(c(cc1)OC)OC)C)O)O)O)O,RDK,BP2,BP2_candidates.xlsx,True,COc1ccc(C(=O)O[C@H]2CC[C@@]3(C)[C@@H]4CC[C@H]5[C@]6(O)C[C@H](O)[C@@]7(O)[C@@H](CN8C[C@@H](C)CC[C@H]8[C@@]7(C)O)[C@]6(O)C[C@@]53O[C@@]24O)cc1OC,COc1ccc(C(=O)O[C@H]2CC[C@@]3(C)[C@@H]4CC[C@H]5[C@]6(O)C[C@H](O)[C@@]7(O)[C@@H](CN8C[C@@H](C)CC[C@H]8[C@@]7(C)O)[C@]6(O)C[C@@]53O[C@@]24O)cc1OC,673.8,1.356,6,12,178.61,4,48,numeric library ID,False
17055,-7.183,0.724,o1c2cc(ccc2cc(c1=O)c1ccccc1)OC(=O)C,Rdmaccs,BP2,BP2_candidates.xlsx,True,CC(=O)Oc1ccc2cc(-c3ccccc3)c(=O)oc2c1,CC(=O)Oc1ccc2cc(-c3ccccc3)c(=O)oc2c1,280.279,3.385,0,4,56.51,2,21,numeric library ID,True
50651,-8.307,0.241,[nH]1c2cc(c(cc2c2c1cccc2)C(=O)Nc1ccc(Cl)cc1)O,Torsions,BP2,BP2_candidates.xlsx,True,O=C(Nc1ccc(Cl)cc1)c1cc2c(cc1O)[nH]c1ccccc12,O=C(Nc1ccc(Cl)cc1)c1cc2c(cc1O)[nH]c1ccccc12,336.778,4.932,3,2,65.12,2,24,numeric library ID,True
85Z,-7.594,0.584,Cc1cc(ccc1c1c(c2ccc(cc2oc1=O)O)Cc1ccc(cc1)/C=C/C(=O)O)F,Avalon,BP2,BP2_candidates.xlsx,True,Cc1cc(F)ccc1-c1c(Cc2ccc(/C=C/C(=O)O)cc2)c2ccc(O)cc2oc1=O,Cc1cc(F)ccc1-c1c(Cc2ccc(/C=C/C(=O)O)cc2)c2ccc(O)cc2oc1=O,430.431,5.302,2,4,87.74,5,32,PDB ligand,False
MRI,-7.943,0.371,Oc1c(=O)c2c(O)cc(O)cc2oc1c1ccc(O)cc1O,FCFP,BP2,BP2_candidates.xlsx,True,O=c1c(O)c(-c2ccc(O)cc2O)oc2cc(O)cc(O)c12,O=c1c(O)c(-c2ccc(O)cc2O)oc2cc(O)cc(O)c12,302.238,1.988,5,7,131.36,1,22,PDB ligand,True
338,-7.843,0.302,c1(cc2c(cc1)nc(o2)c1c2c(ccc1)c(ccc2)O)O,Morgan,BP2,BP2_candidates.xlsx,True,Oc1ccc2nc(-c3cccc4c(O)cccc34)oc2c1,Oc1ccc2nc(-c3cccc4c(O)cccc34)oc2c1,277.279,4.059,2,4,66.49,1,21,PDB ligand,True
3WL,-6.505,0.444,c1ccccc1c1cc(=O)c2c(c(c(cc2o1)O)O)O,Pairs,BP2,BP2_candidates.xlsx,True,O=c1cc(-c2ccccc2)oc2cc(O)c(O)c(O)c12,O=c1cc(-c2ccccc2)oc2cc(O)c(O)c(O)c12,270.24,2.577,3,5,90.9,1,20,PDB ligand,True
XZZ,-6.748,0.768,c1c(Cl)c(cc2oc(=O)cc(C)c12)O,Pattern,BP2,BP2_candidates.xlsx,True,Cc1cc(=O)oc2cc(O)c(Cl)cc12,Cc1cc(=O)oc2cc(O)c(Cl)cc12,210.616,2.46,1,3,50.44,0,14,PDB ligand,True
MRI,-7.943,0.408,Oc1c(=O)c2c(O)cc(O)cc2oc1c1ccc(O)cc1O,RDK,BP2,BP2_candidates.xlsx,True,O=c1c(O)c(-c2ccc(O)cc2O)oc2cc(O)cc(O)c12,O=c1c(O)c(-c2ccc(O)cc2O)oc2cc(O)cc(O)c12,302.238,1.988,5,7,131.36,1,22,PDB ligand,True
MRI,-7.943,0.724,Oc1c(=O)c2c(O)cc(O)cc2oc1c1ccc(O)cc1O,Rdmaccs,BP2,BP2_candidates.xlsx,True,O=c1c(O)c(-c2ccc(O)cc2O)oc2cc(O)cc(O)c12,O=c1c(O)c(-c2ccc(O)cc2O)oc2cc(O)cc(O)c12,302.238,1.988,5,7,131.36,1,22,PDB ligand,True
MRI,-7.943,0.357,Oc1c(=O)c2c(O)cc(O)cc2oc1c1ccc(O)cc1O,Torsions,BP2,BP2_candidates.xlsx,True,O=c1c(O)c(-c2ccc(O)cc2O)oc2cc(O)cc(O)c12,O=c1c(O)c(-c2ccc(O)cc2O)oc2cc(O)cc(O)c12,302.238,1.988,5,7,131.36,1,22,PDB ligand,True
SCHEMBL11830680,-7.191,0.913,c1c(cc2c(c1)oc(=O)cc2O)Cc1ccccc1,Avalon,BP2,BP2_candidates.xlsx,True,O=c1cc(O)c2cc(Cc3ccccc3)ccc2o1,O=c1cc(O)c2cc(Cc3ccccc3)ccc2o1,252.269,3.089,1,3,50.44,2,19,SureChEMBL,True
SCHEMBL11830680,-7.191,0.714,c1c(cc2c(c1)oc(=O)cc2O)Cc1ccccc1,FCFP,BP2,BP2_candidates.xlsx,True,O=c1cc(O)c2cc(Cc3ccccc3)ccc2o1,O=c1cc(O)c2cc(Cc3ccccc3)ccc2o1,252.269,3.089,1,3,50.44,2,19,SureChEMBL,True
SCHEMBL11830680,-7.191,0.6,c1c(cc2c(c1)oc(=O)cc2O)Cc1ccccc1,Morgan,BP2,BP2_candidates.xlsx,True,O=c1cc(O)c2cc(Cc3ccccc3)ccc2o1,O=c1cc(O)c2cc(Cc3ccccc3)ccc2o1,252.269,3.089,1,3,50.44,2,19,SureChEMBL,True
SCHEMBL1366927,-5.969,0.774,c1(=O)ccc2cccc(c2o1)O,Pairs,BP2,BP2_candidates.xlsx,True,O=c1ccc2cccc(O)c2o1,O=c1ccc2cccc(O)c2o1,162.144,1.499,1,3,50.44,0,12,SureChEMBL,True
SCHEMBL11848480,-6.134,0.919,c1(O)cc2c(c(O)cc(=O)o2)cc1,Pattern,BP2,BP2_candidates.xlsx,True,O=c1cc(O)c2ccc(O)cc2o1,O=c1cc(O)c2ccc(O)cc2o1,178.143,1.204,2,4,70.67,0,13,SureChEMBL,True
SCHEMBL2761855,-6.86,0.896,c1(=O)cc(c2ccc3c(c2o1)cccc3)O,RDK,BP2,BP2_candidates.xlsx,True,O=c1cc(O)c2ccc3ccccc3c2o1,O=c1cc(O)c2ccc3ccccc3c2o1,212.204,2.652,1,3,50.44,0,16,SureChEMBL,True
SCHEMBL11830680,-7.191,0.957,c1c(cc2c(c1)oc(=O)cc2O)Cc1ccccc1,Rdmaccs,BP2,BP2_candidates.xlsx,True,O=c1cc(O)c2cc(Cc3ccccc3)ccc2o1,O=c1cc(O)c2cc(Cc3ccccc3)ccc2o1,252.269,3.089,1,3,50.44,2,19,SureChEMBL,True
SCHEMBL8945680,-6.711,0.71,o1c2c(c(cc1=O)O)cc(cc2)c1ccccc1,Torsions,BP2,BP2_candidates.xlsx,True,O=c1cc(O)c2cc(-c3ccccc3)ccc2o1,O=c1cc(O)c2cc(-c3ccccc3)ccc2o1,238.242,3.166,1,3,50.44,1,18,SureChEMBL,True
ZINC000000296657,-7.367,0.8,O=C(Oc1cc(=O)oc2ccccc12)c1ccccc1,Avalon,BP2,BP2_candidates.xlsx,True,O=C(Oc1cc(=O)oc2ccccc12)c1ccccc1,O=C(Oc1cc(=O)oc2ccccc12)c1ccccc1,266.252,3.012,0,4,56.51,2,20,ZINC15,True
ZINC000002897678,-7.02,0.8,O=c1cc(O)c2c(=O)oc3ccccc3c2o1,FCFP,BP2,BP2_candidates.xlsx,True,O=c1cc(O)c2c(=O)oc3ccccc3c2o1,O=c1cc(O)c2c(=O)oc3ccccc3c2o1,230.175,1.605,1,5,80.65,0,17,ZINC15,True
ZINC000000296657,-7.367,0.514,O=C(Oc1cc(=O)oc2ccccc12)c1ccccc1,Morgan,BP2,BP2_candidates.xlsx,True,O=C(Oc1cc(=O)oc2ccccc12)c1ccccc1,O=C(Oc1cc(=O)oc2ccccc12)c1ccccc1,266.252,3.012,0,4,56.51,2,20,ZINC15,True
ZINC000006576436,-6.86,0.605,O=c1cc(O)c2ccc3ccccc3c2o1,Pairs,BP2,BP2_candidates.xlsx,True,O=c1cc(O)c2ccc3ccccc3c2o1,O=c1cc(O)c2ccc3ccccc3c2o1,212.204,2.652,1,3,50.44,0,16,ZINC15,True
ZINC000000058121,-6.453,0.854,Cc1cc(=O)oc2cc(O)ccc12,Pattern,BP2,BP2_candidates.xlsx,True,Cc1cc(=O)oc2cc(O)ccc12,Cc1cc(=O)oc2cc(O)ccc12,176.171,1.807,1,3,50.44,0,13,ZINC15,True
ZINC000006576436,-6.86,0.896,O=c1cc(O)c2ccc3ccccc3c2o1,RDK,BP2,BP2_candidates.xlsx,True,O=c1cc(O)c2ccc3ccccc3c2o1,O=c1cc(O)c2ccc3ccccc3c2o1,212.204,2.652,1,3,50.44,0,16,ZINC15,True
ZINC000000057885,-8.141,0.913,O=c1cc(c2cccc(O)c2)oc2c1ccc1ccccc21,Rdmaccs,BP2,BP2_candidates.xlsx,True,O=c1cc(-c2cccc(O)c2)oc2c1ccc1ccccc12,O=c1cc(-c2cccc(O)c2)oc2c1ccc1ccccc12,288.302,4.319,1,3,50.44,1,22,ZINC15,True
