desalted_smiles,compound_ids,source_databases,BP1,BP2,ensemble_best_score_kcal_mol,ensemble_mean_score_kcal_mol,observed_pocket_count,rank_ensemble_best,rank_ensemble_mean,max_tanimoto_to_reference,mol_weight,logp,hbd,hba,tpsa,rotatable_bonds,heavy_atoms,passes_lipinski_light
Oc1cc(-c2nc3ccccc3o2)c(O)cc1-c1nc2ccccc2o1,746361,numeric library ID,,-9.116,-9.116,-9.116,1,1,1,0.441,344.326,4.714,2,6,92.52,2,26,True
Cc1ccccc1N=Nc1ccc(N=Nc2c(O)ccc3ccccc23)c(C)c1,3543,numeric library ID,,-9.093,-9.093,-9.093,1,2,2,0.265,380.451,7.993,1,5,69.67,4,29,False
Cc1cc(=O)oc2cc(O)cc(OCc3ccccc3)c12,118810,numeric library ID,,-8.495,-8.495,-8.495,1,3,3,0.694,282.295,3.386,1,4,59.67,3,21,True
O=C(Nc1ccc(Cl)cc1)c1cc2c(cc1O)[nH]c1ccccc12,50651,numeric library ID,,-8.307,-8.307,-8.307,1,4,4,0.241,336.778,4.932,3,2,65.12,2,24,True
O=C(NNC(=O)c1c(O)c2ccccc2oc1=O)c1c(O)c2ccccc2oc1=O,MolPort-002-321-924,MolPort,,-8.303,-8.303,-8.303,1,5,5,0.562,408.322,1.385,4,8,159.08,2,30,True
O=c1oc2ccccc2c(O)c1C(c1cccc(C(c2c(O)c3ccccc3oc2=O)c2c(O)c3ccccc3oc2=O)c1)c1c(O)c2ccccc2oc1=O,686393;CHEMBL392451,ChEMBL23;numeric library ID,,-8.211,-8.211,-8.211,1,6,6,0.633,746.68,7.295,4,12,201.76,6,56,False
O=c1cc(-c2cc3ccccc3o2)c2cc(O)ccc2o1,CHEMBL1364708;MolPort-003-378-434,ChEMBL23;MolPort,,-8.175,-8.175,-8.175,1,7,7,0.475,278.263,3.912,1,4,63.58,1,21,True
O=c1cc(-c2cccc(O)c2)oc2c1ccc1ccccc12,4368550;CHEMBL1801014;ZINC000000057885,ChEMBL23;ZINC15;numeric library ID,,-8.141,-8.141,-8.141,1,8,8,0.913,288.302,4.319,1,3,50.44,1,22,True
COc1ccc(C(=O)O[C@H]2CC[C@@]3(C)[C@@H]4CC[C@H]5[C@]6(O)C[C@H](O)[C@@]7(O)[C@@H](CN8C[C@@H](C)CC[C@H]8[C@@]7(C)O)[C@]6(O)C[C@@]53O[C@@]24O)cc1OC,7524,numeric library ID,,-8.124,-8.124,-8.124,1,9,9,0.315,673.8,1.356,6,12,178.61,4,48,False
O=c1oc2cc3ccccc3cc2c2c1ccc1ccccc12,656562,numeric library ID,,-8.08,-8.08,-8.08,1,10,10,0.818,296.325,5.253,0,2,30.21,0,23,False
CO[C@@H]1[C@H](N(C)C(=O)c2ccccc2)C[C@H]2O[C@]1(C)n1c3ccccc3c3c4c(c5c6ccccc6n2c5c31)C(=O)NC4,DB06595,DrugBank,,-7.953,-7.953,-7.953,1,11,11,0.318,570.649,5.907,1,6,77.73,3,43,False
O=c1c(O)c(-c2ccc(O)cc2O)oc2cc(O)cc(O)c12,HMDB30796;LSM-36988;MRI,HMDB;LINCS;PDB ligand,,-7.943,-7.943,-7.943,1,12,12,0.724,302.238,1.988,5,7,131.36,1,22,True
O=C(Nc1ccc2ncccc2c1)Nc1ccc2ncccc2c1,71881,numeric library ID,,-7.856,-7.856,-7.856,1,13,13,0.27,314.348,4.427,2,3,66.91,2,24,True
Oc1ccc2nc(-c3cccc4c(O)cccc34)oc2c1,338;DB07009,DrugBank;PDB ligand,,-7.843,-7.843,-7.843,1,14,14,0.412,277.279,4.059,2,4,66.49,1,21,True
O=c1ccc2cc(O)c(OC3OC(CO)C(O)C(O)C3O)cc2o1,HMDB30821,HMDB,,-7.718,-7.718,-7.718,1,15,15,0.547,340.284,-1.323,5,9,149.82,3,24,True
Nc1ccc(N=Nc2ccccc2)c2ccccc12,13974,numeric library ID,,-7.699,-7.699,-7.699,1,16,16,0.592,247.301,4.837,1,3,50.74,2,19,True
O=c1oc(C=CC=Cc2ccc(O)cc2)nc2ccccc12,HMDB38956,HMDB,,-7.636,-7.636,-7.636,1,17,17,0.385,291.306,3.62,1,4,63.33,3,22,True
N#CC1C=Cc2c(ccc3ccccc23)N1C(=O)c1ccccc1,96541,numeric library ID,,-7.635,-7.635,-7.635,1,18,18,0.341,310.356,4.406,0,2,44.1,1,24,True
Cc1cc(F)ccc1-c1c(Cc2ccc(/C=C/C(=O)O)cc2)c2ccc(O)cc2oc1=O,85Z,PDB ligand,,-7.594,-7.594,-7.594,1,19,19,0.584,430.431,5.302,2,4,87.74,5,32,False
O=c1oc2ccccc2c(O)c1-c1cccc(-c2c(O)c3ccccc3oc2=O)c1,CHEMBL2262363,ChEMBL23,,-7.581,-7.581,-7.581,1,20,20,0.797,398.37,4.645,2,6,100.88,2,30,True
Oc1ccc2cc(-c3noc4cc(O)ccc34)ccc2c1,DB07236,DrugBank,,-7.533,-7.533,-7.533,1,21,21,0.34,277.279,4.059,2,4,66.49,1,21,True
O=c1oc2cc(OCc3ccc([N+](=O)[O-])cc3)ccc2c2c1CCCC2,LSM-27001,LINCS,,-7.532,-7.532,-7.532,1,22,22,0.518,351.358,4.159,0,5,82.58,4,26,True
CCc1oc2ccccc2c1C(=O)c1ccc(O)cc1,317,PDB ligand,,-7.497,-7.497,-7.497,1,23,23,0.667,266.296,3.932,1,3,50.44,3,20,True
CC(=O)c1c(O)ccc2c(=O)c(-c3ccccc3)c(C)oc12,HMDB29534,HMDB,,-7.487,-7.487,-7.487,1,24,24,0.724,294.306,3.677,1,4,67.51,2,22,True
CC(C)(C)c1cc(C(C)(C)C)c(NC(=O)c2c[nH]c3ccccc3c2=O)cc1O,DB08820,DrugBank,,-7.456,-7.456,-7.456,1,25,25,0.426,392.499,5.081,3,3,82.19,2,29,False
O=C(O)c1ccc(-c2c3cc(F)c(=O)cc-3oc3cc(O)c(F)cc23)c(C(=O)O)c1,DB04750,DrugBank,,-7.429,-7.429,-7.429,1,26,26,0.688,412.3,3.945,3,5,125.04,3,30,True
Cc1c(O)c2ccc3ccccc3c2oc1=O,251157;ZINC000103969950,ZINC15;numeric library ID,-7.396,,-7.396,-7.396,1,27,27,0.88,226.231,2.96,1,3,50.44,0,17,True
O=c1ccc2c(ccc3oc4ccccc4c32)o1,CHEMBL1929523,ChEMBL23,-7.388,,-7.388,-7.388,1,28,28,0.6,236.226,3.692,0,3,43.35,0,18,True
O=C(Oc1cc(=O)oc2ccccc12)c1ccccc1,1842204;MolPort-002-113-300;ZINC000000296657,MolPort;ZINC15;numeric library ID,,-7.367,-7.367,-7.367,1,29,29,0.8,266.252,3.012,0,4,56.51,2,20,True
N#Cc1c(O)c2cc3ccccc3cc2oc1=O,CHEMBL3306562,ChEMBL23,-7.338,,-7.338,-7.338,1,30,30,0.75,237.214,2.523,1,4,74.23,0,18,True
Oc1ccc(-c2cnc3ccc4ccncc4c3c2)cc1,DB03623,DrugBank,-7.328,,-7.328,-7.328,1,31,31,0.316,272.307,4.156,1,3,46.01,1,21,True
Cc1c(C)c2ccc(O)cc2oc1=O,MolPort-002-367-171,MolPort,-7.327,,-7.327,-7.327,1,32,32,0.846,190.198,2.115,1,3,50.44,0,14,True
O=c1c(O)c(-c2ccc(O)cc2)oc2cc(O)cc(O)c12,DB01852;LSM-5304,DrugBank;LINCS,,-7.312,-7.312,-7.312,1,33,33,0.372,286.239,2.282,4,6,111.13,1,21,True
O=c1cc(-c2ccccc2)oc2c1ccc1ccc(O)cc12,CHEMBL329500,ChEMBL23,-7.27,,-7.27,-7.27,1,34,34,0.913,288.302,4.319,1,3,50.44,1,22,True
O=c1oc2c(O)c(O)ccc2c2cc(O)c(O)cc12,HMDB29219,HMDB,,-7.247,-7.247,-7.247,1,35,35,0.621,260.201,1.769,4,6,111.13,0,19,True
c1ccc2c(c1)ccc1ccccc12,PEY,PDB ligand,-7.242,,-7.242,-7.242,1,36,36,0.659,178.234,3.993,0,0,0.0,0,14,True
O=c1oc2cc(O)ccc2c2oc3cc(O)cc(O)c3c12,HMDB34138,HMDB,-7.241,,-7.241,-7.241,1,37,37,0.786,284.223,2.809,3,6,104.04,0,21,True
CC1(C)c2ccccc2-c2nc3ccccc3cc2C1O,19824,numeric library ID,-7.229,,-7.229,-7.229,1,38,38,0.282,275.351,4.226,1,2,33.12,0,21,True
Oc1cc(-c2cc3ccccc3o2)c(Br)c(O)c1O,CHEMBL3409185,ChEMBL23,-7.206,,-7.206,-7.206,1,39,39,0.571,321.126,3.979,3,4,73.83,1,19,True
O=c1cc(O)c2cc(Cc3ccccc3)ccc2o1,SCHEMBL11830680,SureChEMBL,,-7.191,-7.191,-7.191,1,40,40,0.957,252.269,3.089,1,3,50.44,2,19,True
CC(=O)Oc1ccc2cc(-c3ccccc3)c(=O)oc2c1,17055,numeric library ID,,-7.183,-7.183,-7.183,1,41,41,0.724,280.279,3.385,0,4,56.51,2,21,True
O=c1cc(/C=C/c2ccc(O)c(O)c2)oc2ccccc12,CHEMBL374372,ChEMBL23,,-7.174,-7.174,-7.174,1,42,42,0.541,280.279,3.375,2,4,70.67,2,21,True
Oc1ccc(-c2cc(O)cc(O)c2)cc1,HMDB32713,HMDB,-7.148,,-7.148,-7.148,1,43,43,0.66,202.209,2.47,3,3,60.69,1,15,True
Oc1ccc2c(ccc3ccccc32)c1,HMDB59798,HMDB,-7.118,,-7.118,-7.118,1,44,44,0.432,194.233,3.699,1,1,20.23,0,15,True
O=C(O)c1cc2cc(O)ccc2cc1O,DB04641,DrugBank,-7.11,,-7.11,-7.11,1,45,45,0.704,204.181,1.949,3,3,77.76,1,15,True
O=c1oc2c(O)c(O)cc3c(=O)oc4c(O)c(O)cc1c4c23,LSM-36455,LINCS,,-7.102,-7.102,-7.102,1,46,46,0.581,302.194,1.313,4,8,141.34,0,22,True
O=c1c2ccccc2oc2cc(O)cc(O)c12,10510606;MolPort-006-318-916;ZINC000006117594,MolPort;ZINC15;numeric library ID,-7.092,,-7.092,-7.092,1,47,47,0.514,228.203,2.357,2,4,70.67,0,17,True
Cc1ccc2c(=O)oc3cc(O)ccc3c2c1,SCHEMBL15388250,SureChEMBL,-7.072,,-7.072,-7.072,1,48,48,0.957,226.231,2.96,1,3,50.44,0,17,True
O=C1c2ccccc2-c2cccc3cccc1c23,LSM-3723,LINCS,-7.064,,-7.064,-7.064,1,49,49,0.393,230.266,4.051,0,1,17.07,0,18,True
Cc1cc(=O)oc2cc(O)cc(O)c12,402797;MolPort-000-744-145;ZINC000000058126,MolPort;ZINC15;numeric library ID,-7.062,,-7.062,-7.062,1,50,50,0.788,192.17,1.513,2,4,70.67,0,14,True
Oc1cc2ccccc2c2ccccc12,HMDB59801,HMDB,-7.051,,-7.051,-7.051,1,51,51,0.406,194.233,3.699,1,1,20.23,0,15,True
O=C(O)c1cc2ccccc2c2cc(Br)ccc12,151252,numeric library ID,-7.043,,-7.043,-7.043,1,52,52,0.5,301.139,4.454,1,1,37.3,1,18,True
O=c1cc(CCl)c2ccc(O)cc2o1,CHEMBL271516;MolPort-000-422-134,ChEMBL23;MolPort,-7.036,,-7.036,-7.036,1,53,53,0.815,210.616,2.237,1,3,50.44,1,14,True
Cc1cc(O)nc2cc(O)ccc12,LSM-25905,LINCS,-7.024,,-7.024,-7.024,1,54,54,0.645,175.187,1.954,2,3,53.35,0,13,True
O=c1cc(O)c2c(=O)oc3ccccc3c2o1,2357873;MolPort-002-153-633;ZINC000002897678,MolPort;ZINC15;numeric library ID,,-7.02,-7.02,-7.02,1,55,55,0.88,230.175,1.605,1,5,80.65,0,17,True
O=c1cc(Oc2cc(=O)oc3ccccc23)c2ccccc2o1,2035856,numeric library ID,,-7.005,-7.005,-7.005,1,56,56,0.791,306.273,3.692,0,5,69.65,2,23,True
COc1ccc2c(=O)oc3cc(O)ccc3c2c1,54870284,numeric library ID,-6.991,,-6.991,-6.991,1,57,57,0.691,242.23,2.66,1,4,59.67,1,18,True
CN(C)C(=O)c1c(-c2ccccc2)oc2ccc(O)cc12,LSM-32647,LINCS,-6.988,,-6.988,-6.988,1,58,58,0.304,281.311,3.507,1,3,53.68,2,21,True
O=C(NC1CCCC1)c1cc2c(ccc3ccccc32)o1,LSM-33579,LINCS,-6.986,,-6.986,-6.986,1,59,59,0.395,279.339,4.258,1,2,42.24,2,21,True
C#Cc1cc(=O)oc2ccccc12,53845739;SCHEMBL13315779;ZINC000200389531,SureChEMBL;ZINC15;numeric library ID,-6.98,,-6.98,-6.98,1,60,60,0.847,170.167,1.774,0,2,30.21,0,13,True
O=c1cc(O)c2ccc(OCc3cccc(F)c3)cc2o1,CHEMBL3094027,ChEMBL23,,-6.968,-6.968,-6.968,1,61,61,0.672,286.258,3.217,1,4,59.67,3,21,True
Cc1cc(=O)oc2cc(O)ccc12,1401;4MU;529222;760397;CHEMBL12208;DB07118;HMDB59622;LSM-3025;MolPort-000-467-367;ZINC000000058121,ChEMBL23;DrugBank;HMDB;LINCS;MolPort;PDB ligand;ZINC15;numeric library ID,-6.967,-6.453,-6.967,-6.71,2,62,78,0.957,176.171,1.807,1,3,50.44,0,13,True
O=c1cc2oc3cc(O)c(O)cc3c(-c3ccccc3)c-2cc1O,2608,numeric library ID,,-6.961,-6.961,-6.961,1,63,62,0.476,320.3,3.682,3,5,90.9,1,24,True
CC(=O)c1ccc2oc(=O)cc(C)c2c1O,HMDB29518,HMDB,,-6.957,-6.957,-6.957,1,64,63,0.714,218.208,2.01,1,4,67.51,1,16,True
Cc1ccc(C(c2c(O)c3ccccc3oc2=O)c2c(O)c3ccccc3oc2=O)cc1,4417258,numeric library ID,-6.954,,-6.954,-6.954,1,65,64,0.613,426.424,4.799,2,6,100.88,3,32,True
CC(C)Oc1ccc2c(=O)c(-c3ccccc3)coc2c1,1477,numeric library ID,,-6.953,-6.953,-6.953,1,66,65,0.614,280.323,4.247,0,3,39.44,3,21,True
Oc1ccc2c(ccc3nc[nH]c32)c1,62129,numeric library ID,-6.945,,-6.945,-6.945,1,67,66,0.603,184.198,2.422,2,2,48.91,0,14,True
O=C(O)c1cc(=O)c2ccccc2o1,MolPort-000-499-561,MolPort,-6.931,,-6.931,-6.931,1,68,67,0.679,190.154,1.491,1,3,67.51,1,14,True
O=c1cc(CN2CCOCC2)c2cc(Cl)c(O)cc2o1,LSM-17202,LINCS,,-6.917,-6.917,-6.917,1,69,68,0.64,295.722,1.984,1,5,62.91,2,20,True
NC(=O)N1c2ccccc2CC(=O)c2ccccc21,DB00776,DrugBank,-6.883,,-6.883,-6.883,1,70,69,0.306,252.273,2.642,1,2,63.4,0,19,True
Cc1cc(/C=C/c2ccccc2)cc(C)c1O,DB08100,DrugBank,,-6.88,-6.88,-6.88,1,71,70,0.637,224.303,4.179,1,1,20.23,2,17,True
O=c1cc(O)c2ccc3ccccc3c2o1,380712;50005460;MolPort-035-673-217;SCHEMBL2761855;ZINC000006576436,MolPort;SureChEMBL;ZINC15;numeric library ID,,-6.86,-6.86,-6.86,1,72,71,0.896,212.204,2.652,1,3,50.44,0,16,True
O=c1cc(O)c2ccc(F)cc2o1,29698120;SCHEMBL2761833;ZINC000044672070,SureChEMBL;ZINC15;numeric library ID,-6.856,,-6.856,-6.856,1,73,72,0.913,180.134,1.638,1,3,50.44,0,13,True
O=C1NC(=O)C2(CCc3ccccc32)N1,32838,numeric library ID,,-6.786,-6.786,-6.786,1,74,73,0.311,202.213,0.667,2,2,58.2,0,15,True
O=c1cc(O)c2ccc(O)cc2o1,CHEMBL32810;MolPort-002-043-397;SCHEMBL11848480,ChEMBL23;MolPort;SureChEMBL,-6.759,-6.134,-6.759,-6.4465,2,75,86,0.952,178.143,1.204,2,4,70.67,0,13,True
Cc1c2cc(O)c(=O)cc-2oc2cc(O)c(O)cc12,5426,numeric library ID,-6.757,,-6.757,-6.757,1,76,74,0.498,258.229,2.323,3,5,90.9,0,19,True
Cc1cc(=O)oc2cc(O)c(Cl)cc12,XZZ,PDB ligand,,-6.748,-6.748,-6.748,1,77,75,0.768,210.616,2.46,1,3,50.44,0,14,True
O=c1cc(O)c2cc(-c3ccccc3)ccc2o1,SCHEMBL8945680,SureChEMBL,,-6.711,-6.711,-6.711,1,78,76,0.71,238.242,3.166,1,3,50.44,1,18,True
O=C1C(O)=Cc2cccc3cccc1c23,CHEMBL227815,ChEMBL23,,-6.711,-6.711,-6.711,1,78,76,0.545,196.205,2.935,1,2,37.3,0,15,True
Cc1cc(=O)oc2cc(O)c(N)cc12,764465,numeric library ID,,-6.684,-6.684,-6.684,1,80,79,0.777,191.186,1.389,2,4,76.46,0,14,True
O=C(OOC(=O)c1ccccc1)c1ccccc1,DB09096,DrugBank,,-6.587,-6.587,-6.587,1,81,80,0.582,242.23,2.615,0,4,52.6,2,18,True
CC1=CC(=O)c2ccccc2C1=O,DB00170,DrugBank,-6.575,,-6.575,-6.575,1,82,81,0.615,172.183,2.012,0,2,34.14,0,13,True
CCC1(c2ccccc2)C(=O)NCNC1=O,DB00794,DrugBank,,-6.541,-6.541,-6.541,1,83,82,0.275,218.256,0.538,2,2,58.2,2,16,True
O=c1[cH-]c(=O)c2ccccc2o1,SCHEMBL9642273,SureChEMBL,-6.514,,-6.514,-6.514,1,84,83,0.71,161.136,0.872,0,3,47.28,0,12,True
N=C(N)N1CCc2ccccc2C1,DB04840,DrugBank,-6.513,,-6.513,-6.513,1,85,84,0.222,175.235,0.938,2,1,53.11,0,13,True
O=c1cc(-c2ccccc2)oc2cc(O)c(O)c(O)c12,3WL,PDB ligand,,-6.505,-6.505,-6.505,1,86,85,0.444,270.24,2.577,3,5,90.9,1,20,True
CN1CCCC(n2nc(Cc3ccc(Cl)cc3)c3ccccc3c2=O)CC1,DB00972,DrugBank,-6.318,,-6.318,-6.318,1,87,87,0.263,381.907,4.298,0,4,38.13,3,27,True
O=c1ccc2cccc(O)c2o1,SCHEMBL1366927,SureChEMBL,,-5.969,-5.969,-5.969,1,88,88,0.774,162.144,1.499,1,3,50.44,0,12,True
